ESNTL_ID,WLK_COURS_FLAG_NM,WLK_COURS_NM,COURS_DC,SIGNGU_NM,COURS_LEVEL_NM,COURS_LT_CN,COURS_DETAIL_LT_CN,ADIT_DC,COURS_TIME_CN,OPTN_DC,TOILET_DC,CVNTL_NM,LNM_ADDR,COURS_SPOT_LA,COURS_SPOT_LO
KCCWSPO20N000000084,고덕산 산책길,고덕산 산책길,명일역3번출구~고덕산 정상,서울 강동구,보통,1~5Km미만,1.9,"해발 100m 미만의 낮고 순탄한 숲길이지만 계절 따라 순환하는 자연의 섭리를 그대로 느낄 수 있다. 고덕산은 완만한 구릉지 형태의 야산이다. 해발 50m 안팎이 대부분이고 높아야 100m를 넘지 않는다. 고덕산은 높지 않고 가볍게 오를 수 있어 산책하기 좋다. 특히, 고덕산은 북으로는 한강을 끼고 있어 탁트인 시야를 자랑한다.",1시간 30분,없음,명일역,명일역,서울 강동구 암사동,37.5611617,127.1464937
KCCWSPO20N000000085,일자산숲나들길,일자산숲 나들길,길동자연생태공원~강동그린웨이 가족캠핑장~둔촌이집선생 둔굴,서울 강동구,보통,1~5Km미만,1.9,"노선의 대부분은 차지하는 일자산은 이름 그대로 능선이 군더더기 없이 일(一)자로 뻗은 산이다. 때문에 중간 중간 갈림길이 많아도 큰 길을 따라 곧장 질러가면 3㎞에 달하는 울창한 숲길을 고스란히 두 발에 담아낼 수 있다. 특히 아름드리나무들이 많아 마치 큰 산에 들어선 듯한 청량감이 일품이다. 강동구가 야심차게 추진하고 있는 강동그린웨이를 중심으로 둔촌동 생태경관보전지역, 허브천문공원 및 길동생태공원 등 강동의 주요 명소를 연결한 코스이다. 야트막한 능선으로 뻗은 일자산 숲길을 따라 자연의 향기를 만끽할 수 있으며, 길동생태공원(사전예약 필수)은 우리나라의 대표적인 생태공원으로 계절별로 다양한 체험 프로그램이 마련되어 있다.",1시간 30분,,,,서울 강동구 둔촌동,37.534967,127.1528418
KCCWSPO20N000000086,몽촌토성나들길,몽촌토성 나들길,몽촌토성~한성백제박물관~몽촌토성길~88호수,서울 강동구,쉬움,5~10Km미만,6.14,"도시공원의 의미는 자연휴식공간이라는 데 있다. 아울러 산책로를 만들어 도시민들이 걷고 뛰며 운동할 수 있도록 하는 목적도 지녔다. 강남권 도심, 잠실 주변엔 거대한 녹지공원인 올림픽공원이 있다. 특히 석촌호수에서 가까운 올림픽공원 산책로는 백제 때 축조된 몽촌토성까지 품고 있으며 2012년에는 몽촌토성에서 찾을 수 있는 백제의 역사를 알려주는 한성백제 박물관도 개관하여 더욱 볼거리가 풍부해졌다. (‘Free course' 로 자유롭게 다닐 수 있도록 조성)",2시간,올림픽공원 내 분포,올림픽공원 내 분포,올림픽공원 내 분포,서울 송파구 방이동,37.5156355,127.1214926
KCCWSPO20N000000087,석촌호수산책길,석촌호수 산책길,석촌호수길~석촌동백제초기적성총~방이동백제고분군,서울 송파구,쉬움,1~5Km미만,4.17,"석촌호수는 자연과 인간이 힘을 합해 만든 인공호수이다. 원래는 한강의 일부분이었으나, 세월이 흐르면서 샛강이 생겼고 그 후 한강 본류 정비 사업으로 샛강이 매립되면서 인공호수가 생겨나게 되었다. 송파대로 개통으로 둘로 나눠진 이 쌍둥이 호수를 자연친화적 환경으로 정비한 것이 오늘의 석촌호수다. 호수와 인접하여 유명 놀이공원이 만들어져 있어 여러모로 볼거리와 즐길거리가 많다.",2시간,사전 준비 필요,동호와 서호에 각각 화장실 있음,길 외곽에 다수,서울 송파구 송파동,37.5095353,127.1050057
KCCWSPO20N000000089,송파소리길,역사탐방길,풍납토성근린공원 ~ 풍납토성 ~ 몽촌토성 ~ 방이동백제고분군 ~ 석촌동백제초기적석총 ~ 석촌호수,서울 송파구,쉬움,10~15Km미만,11.45,송파소리길은 송파 한 바퀴를 도는 일주코스 외에도 한성백제의 중심지이었던 풍납토성과 몽촌토성을 잇고 석촌호수를 순환하는 역사탐방길이 있다. 역사탐방길은 한성백제가 약500년 동안 도성으로 있던 풍남토성을 시작으로 다양한 송파시민에게 가장 사랑받는 올림픽 공원을 지나 방이동백제고분군과 석촌동백제초기적석총 등 한성백제의 유적지를 차례로 지난다. 마지막으로 4월에는 화려한 벚꽃 흐드러지는 석촌호수에서 마무리하는 길이다.,3시간,올림픽공원,"풍납종합사회복지관, 올림픽공원 곳곳, 석촌호수, 송파역",코스 곳곳에 위치,서울 송파구 장지동,37.4759619,127.1253897
KCCWSPO20N000000091,구룡산 나들길,구룡산 나들길,달터근린공원~구룡산길 시작~개암약수터,서울 강남구,보통,5~10Km미만,6.02,구룡산은 옛날 임신한 여인이 용 열 마리가 승천하는 것을 보고 놀라 소리치는 바람에 한 마리가 떨어져 죽고 아홉 마리만 하늘로 올라갔다 하여 붙여졌다. 코스 대부분이 숲길로 이루어져 햇빛이 비추는 여름에도 시원한 그늘 밑을 걸을 수 있으며 높거나 산길이 험하지 않아 부담 없이 산행을 즐길 수 있다. 다만 구룡산 진입로부터 개암약수터까지는 약간의 오르막이 20분 정도 진행되나 나무계단 등의 편의시설이 있어 노약자도 쉬엄쉬엄 올라가면 진행에 큰 무리는 없다.,2시간30분,개암약수터,"매봉역, 개포4동 주민센터, 강남구민체육관","매봉역, 달터공원 주변",서울 서초구 염곡동,37.4660639,127.0491853
KCCWSPO20N000000092,대모산 나들길,대모산 나들길,실로암 약수터~대모산 초소위~독도모형~대모산 정상,서울 강남구,보통,5~10Km미만,4.8,"코스 대부분이 숲길이며, 대모산은 해발 293m의 야트막한 산으로 서쪽의 구룡산과 능선을 나란히 하고 있어 연결하여 많은 사람들이 걷는다. 예전에는 국수봉이라고 불렸던 산으로 인근에 아파트단지들이 많이 들어서 주민들의 휴식공간으로 이용되고 있다. 아침 운동이나 가벼운 산책을 즐기려는 주민들이 많이 찾는다. 동쪽 끝은 수서역 4번 출구와 맞닿아 있다. 대모산도시자연공원부터 불국사까지는 넓고 완만한 경사로가 이어져 어린자녀와 함께 산책하며 걷기에 그만이다. 불국사부터는 서울둘레길과 함께 한다. 서울둘레길은 구룡산으로 이어지는데 대모산 나들길은 대모산 정상으로 발걸음을 옮긴다.",3시간,대모산도시자연공원(코스 중간에 약수터가 있으나 갈수기에는 식음불가가 많다),"일원역, 대모산도시자연공원, 불국사",일원역 일대,서울 강남구 개포동,37.477148,127.073712
KCCWSPO20N000000093,선정릉 나들길,선정릉 나들길,선정릉~봉은사,서울 강남구,보통,5~10Km미만,5.9,"2009년 6월에 유네스코 세계문화유산으로 등재된 조선 왕릉의 하나인 선정릉을 거쳐 전통사찰인 봉은사를 지나는 코스이다. 조선 제 9대 왕인 성종과 계비 정현왕후의 능인 선릉과 함께 조선 11대 왕인 중종의 능이 모셔진 곳으로 이 두 능침 사이로 나 있는 야트막한 언덕으로 걷기 좋은 산책로가 세 가닥이나 뻗었다. 봉은사 역시 볼만한 전각들이 많으며, 특히 미륵대불은 언제나 소원을 빌러 오는 신자들로 붐빈다.",2시간,없음,"선정릉, 봉은사, 삼성역",선정릉과 봉은사 가는 길에 다수 분포,서울 강남구 삼성동,37.5071339,127.0526324
KCCWSPO20N000000094,서리골 서리풀 나들길,서리골 서리풀 나들길,서리골공원~몽마르뜨공원~서리풀공원,서울 서초구,보통,1~5Km미만,3.25,"고층아파트가 스카이라인을 이룬 이곳에 어찌 이리 아름다운 숲길을 허락했을까. 걷는 이들마다 의아해하고, 신기해하고, 끝내는 감사해하는 숲길이다. 이 숲길을 품은 산줄기는 원래 하나였으나 차도가 금을 그으며 생이별을 하고 말았다. 얼마 전까지도 찻길을 건너야만 숲길을 이어갈 수 있었으나 2009년 말 서리골공원과 몽마르뜨공원이 누에다리로 이어지고, 그와 동시에 몽마르뜨공원이 서리풀공원과 서리풀다리로 이어지며 다시 하나의 식구가 됐다.",2시간,사전에 준비 필요,몽마르뜨 공원,공원 입구에 위치,서울 서초구 반포동,37.4928485,127.0016464
KCCWSPO20N000000096,동작충효길,01코스 고구동산길,배수지공원~노들역~고구동산~중앙대 후문~서달산 잣나무길~자연학습장~서달산 생태다리~동작대 전망대~현충원 상도출입문,서울 동작구,쉬움,1~5Km미만,3.2,"쾌적하게 정비된 배수지공원은 지하철 9호선 노들역과 연결되어 있어 만남의 장소로 일익을 담당한다. 배수지공원에서 출발해 고구동산 정상, 서달산 잣나물길과 서달산 생태다리, 상도출입문까지 이어지는 1코스 고구동산길을 걷노라면 벚나무와 잣나무 등 숨쉬기만해도 즐거워지는 동작의 자연을 감상할 수 있다. 걷기여행객이라면 동작충효길의 각코스는 조금 짧게 느껴질 것이다. 1코스는 2코스와 연계하여 걷는 것이 더욱 좋다. 여행을 2코스를 이어서 여행하면 대중교통 이용도 편리하다.",1시간,달마약수터,"9호선 노들역사내, 고구동산 트랙옆, 달마사앞, 서달산 생태다리 주변",중앙대후문 부근 편의점 위치함,서울 동작구 사당동,37.4945288,126.9744481
KCCWSPO20N000000103,보라매공원 산책길,보라매공원 산책길,보라매공원 호수~인공암벽등반장~보라매공원 후문,서울 동작구,매우쉬움,1~5Km미만,1.63,"보라매공원은 서울특별시 동작구 신대방동 395번지 대방로 219 일대인 옛날 공군사관학교 자리를 1985년 12월 20일에 보수하여 1986년 5월 5일 개원하였다. 공군사관학교 때의 상징인 ""보라매""를 그대로 이름에 사용하여 오늘에 이르고 있으며, 공원을 산책하는 코스이다.",30분,사전 준비 하거나 매점에서 구임,곳곳에 다수,공원 남쪽 편의점,서울 동작구 신대방동,37.4906732,126.9196937
KCCWSPO20N000000104,현충원 나들길,현충원 나들길,현충원 입구~정국교~박정희대통령묘소입구~호국지장사~육탄10용사 현충비~ 현충원입구,서울 동작구,보통,5~10Km미만,7.34,군인·군무원으로서 사망한 사람과 국가에 공이 있는 사람의 유골 또는 시신을 안장한 국립현충원을 도는 산책로이다. 200m 정도 되는 이 나무계단만 올라가면 국립현충원 외곽을 따라 도는 산책로가 편안한 길을 펼쳐낸다.,4시간 30분,사전 준비 필요,현충원 영내 다수,현충원 입구,서울 동작구 사당동,37.4937197,126.9670077
KCCWSPO20N000000105,관악산 계곡나들길,관악산 계곡 나들길,관악산 입구~관악산 호수공원~장미원~삼거리약수터~장미원~호수공원~관악산 입구,서울 관악구,쉬움,5~10Km미만,5.58,"관악산 계곡길은 사시사철 언제라도 시원한 물줄기를 따라 길을 잇는다. 관악산 등산로는 본래 어려움이 많은 길이지만 이곳에 소개하는 길은 가파른 경사로가 시작되기 직전인 무너미고개 앞 삼거리약수터에서 다시 돌아오도록 되어 있어 남녀노소 누구라도 편안한 걷기를 즐길 수 있다. 관악산 계곡 나들길은 외사산의 남쪽에 솟은 관악산과 삼성산이 엇물리는 골짜기 사이로 흐르는 계곡을 따르는 길이다. 수많은 등산객과 유산객들이 매일 찾는 곳답게 노약자도 쉽게 걸을 수 있게 노면 정비가 잘 되어 있다. 여름철에는 계곡 하류에 천연 물놀이장을 만들어서 일반에 무료 개방할 만큼 수질도 상당히 좋은 편이다. 올해 극심한 가뭄으로 계곡에 물이 많지 않고, 수질도 평년에 미치지 못하지만 큰 비 한번이면 다시 예전의 명성을 되찾을 것으로 보인다.",2시간,시작점 부근 약수터,코스 입구,시작점 부근 광장,서울 관악구 신림동,37.4423838,126.9474537
KCCWSPO20N000000107,관악산 나들길,관악산 나들길,샘말공원~맨발공원~약수암~신우초등학교,서울 관악구,보통,5~10Km미만,5.72,예전부터 고시원이 밀집된 대학동 일대를 걸을 수 있도록 기 조성된 공원들을 연결하여 고시생들과 주민들이 편하게 이용할 수 있도록 개발된 코스이다.,3시간,사전준비 필요,,없음,서울 관악구 신림동 210,37.468523,126.9452152
KCCWSPO20N000000108,관음사 산책길,관음사 산책길,관음사~상록약수터,서울 관악구,쉬움,1Km미만,0.81,오래된 나무와 온갖 풀이 바위와 어우러져 철따라 변하는 모습이 마치 금강산과 같다 하여 소금강 또는 서금강 이라고 한다.,40분,사전 준비 필요(상록약수터),관음사 밑,관음사 올라오는 길 입구에서 준비 필요(사당역 일대),서울 관악구 남현동,37.4682599,126.9791551
KCCWSPO20N000000109,낙성대 산책길,낙성대 산책길,안국사~낙성대공원,서울 관악구,보통,1~5Km미만,1.22,"낙성대 공원을 지나 관악산 능선과 이어져있고, 강감찬장군 동상, 안국사 등 볼거리가 풍부하다. 코스는 짧은 코스로 가볍에 산책을 즐기며 걷기에 좋은 코스로 쉬엄쉬엄 걷기를 권하는 산책길이다. 낙성대공원이라는 이름이 만들어진데 빼놓을 수 없는 것은 낙성대이다. 서울특별시 유형문화재 제4호로 지정된 낙성대는 고려의 명장 강감찬의 사당으로 강감찬의 출생지로서, 그가 출생할 때 별이 떨어졌다고 하여 낙성대라는 이름으로 전하여오고 있다.",40분,사전준비하거나 매점에서 구입,낙성대 화장실,낙성대 매점,서울 관악구 봉천동,37.4719465,126.9630878
KCCWSPO20N000000110,독산 삼성산 나들길,독산 삼성산 나들길,감로천생태공원~금천전망대~산림감시초소~호압사입구 사거리,서울 금천구,보통,5~10Km미만,6.46,"노후시설을 정비하여 누구나 안전하고 편안하게 걸을 수 있도록 조성되어 있다. 특히 만수천 생태연못과 감로천 생태공원, 야생초화원 등으로 구성되어 다양한 식생과 많은 볼거리를 가지고 있다.",3시간,사전에 준비,관악산생태공원,(코스 인근)금천구립정보도서관 주변,서울특별시 금천구 독산동 373,37.4696857,126.908195
KCCWSPO20N000000111,청룡산 나들길,청룡산 나들길,서울대 입구역~ 청룡 초등학교 ~청룡산 공원~누수식 생태연못~청룡산 산림욕장~ 서울대 입구역,서울 관악구,쉬움,5~10Km미만,5.87,청룡산은 서울대입구역과 서울대정문 사이에 위치한 조그마한 산으로 주택과 인접하고 있어 간단히 산책을 즐길 수 있는 곳으로 계곡물을 이용 많은 습지가 조성되어 있다.,1시간 50분,관악구청 식수대,관악구청,청룡 초교 인근,서울 관악구 봉천동,37.4652947,126.9562546
KCCWSPO20N000000112,호암산 나들길,호암산 나들길,시흥계곡 입구~산복약수터연못~생태통로~호암폭포~호압사,서울 금천구,어려움,1~5Km미만,4,"호압사에서 산기슭공원에 이르는 생태 탐방로로서 식생이 다양하다. 자연형 돌계단 등을 조성해 산책로를 정비하여 지역주민의 휴식공간으로 각광 받고 있다. 호암산은 해발 393m로 관악산에서 이어진 삼성산의 지맥으로 금천구의 진산이며 관악산 전체의 서쪽에 위치하고 산세가 북쪽(한양)을 바라보는 호랑이 형상을 닮았다 하여 붙여진 이름이라고 한다. 호암산에는 호암산성과 한우물, 석구상, 호압사, 불영사 등 많은 사적과 유서깊은 사찰이 있으며, 등산로가 가파르지 않고 도심에서 쉽게 접근할 수 있어 금천구, 광명시, 안양시민들의 산행으로 많이 찾는 곳이다. 호암산 정상에서 바라보는 서울시내 풍광과 서남쪽의 전경은 그지없이 아름다워 발길을 멈추게 한다.",3시간,사전 준비 필요,호암사 부근,코스 내 없음,경기 안양시 만안구 석수동,37.4439091,126.9226186
KCCWSPO20N000000113,여의도공원 산책길,여의도공원 산책길,여의도공원 역~ 여의도공원 광장 여의도샛강생태공원,서울 영등포구,매우쉬움,1~5Km미만,2.82,"친수공간으로 연출된 생태공원과 옛 여의도광장과 여의도공원은 지하철, 버스 등 대중교통으로 접근성이 좋아 직장인과 일반시민들이 즐겨 찾는 명소이자 봄꽃축제, 세계불꽃축제, 각종 공연 및 마라톤행사 등 다양한 행사가 이어져 볼거리와 즐길거리가 풍부한 휴식공간입니다. (`Free course` 로 자유롭게 다닐 수 있도록 조성)",1시간 30분,사전 준비 필요,있음.,있음,서울 영등포구 여의도동,37.5261923,126.9219137
KCCWSPO20N000000114,영등포봄꽃 나들길,영등포 봄꽃 나들길,신갈공원~신길동 넝쿨장미길,서울 영등포구,매우쉬움,1~5Km미만,3.84,"신풍역 주변 신길6동 벚꽃길에서 시작하는 이 길은 주민들이 직접 헌수하여 조성한 왕벚나무, 넝쿨장미길을 지나 대방천 수림대(가로녹지)로 연결되는 도심 내 건강 산책길이다. 신길6동 벚꽃길과 신길동 넝쿨장미길을 지나 꽃섬길 마을마당(신길광장공원), 대방천 가로녹지대, 도림천으로 연결되는 코스는 지역축제 개최 및 다양한 경관이 펼쳐지며, 휴게시설 및 야외 체육시설이 설치되어 있어 휴식과 운동을 병행하는 재미를 안긴다.",1시간 30분,,,,서울 영등포구 신길동,37.5042413,126.8994712
KCCWSPO20N000000115,개웅산 숲산책길,개웅산 숲산책길,배드민턴장~야생화단지~숲속길,서울 구로구,보통,1~5Km미만,1.5,"개웅산은 능선이 세 방향으로 뻗어 내려 삼각형 모양을 이루고 있는 산으로서 산 전체가 단풍나무, 아까시나무, 소나무, 참나무 등 다양한 식생이 잘 보존된 전형적인 자연상태의 공원이다, 연간 10만여 명의 시민들이 이용하고 있으며, 등산로 주변에 약수터와 의자 등 휴게시설이 설치되어 시민들로부터 좋은 반응을 얻고 있다.",1시간,사전 준비하거나 매점에서 구입,,코스 내 없음,서울 구로구 개봉동,37.4859831,126.8457837
KCCWSPO20N000000116,구로 지양산 숲나들길,구로 지양산 숲나들길,지양산 숲길~차돌바위~궁동터널 위 지양산 숲길 시작,서울 구로구,보통,5~10Km미만,6.84,위성사진을 통해 본 지양산 일대는 서울 남서쪽에 동동 떠 있는 커다란 섬이다. 삭막한 도시 속의 오아시스 같은 지양산은 낮고도 넓게 뻗어 수많은 오솔길을 품었다. 많은 산보객들이 발끝으로 반질반질하게 닦아 놓은 청정 숲길은 인근의 매봉산과 원미산으로까지 영토를 넓혔다. 그래서 그 깊은 속살을 다 들여다보려면 몇날 며칠이 필요할 지 가늠하기 어렵다.,3시간,사전 준비하거나 매점에서 사전 구입,"서서울호수공원, 온수역",코스 내 없음,경기 부천시 작동,37.5144533,126.8240666
KCCWSPO20N000000117,서서울호수공원 산책길,서서울호수공원 산책길,서서울호수공원,서울 양천구,매우쉬움,1Km미만,0.96,옛 신월정수장 자리에 꾸며진 서서울공원은 비행기가 지날 때마다 소음을 감지하여 물이 솟구치는 소리분수와 화가 몬드리안의 구성기법을 도입한 몬드리안 정원이 있다.,30분,사전 준비 필요,있음,,서울 양천구 신월동,37.5269754,126.8301688
KCCWSPO20N000000118,용왕산 나들길,용왕산 나들길,용왕산 진입로~용왕정~달거리약수터,서울 양천구,쉬움,1~5Km미만,2.63,"1971년 8월 건설부고시에 의하여 목동 제1공원으로 지정되었다. 이후 1989년에 도시근린공원으로 개발되었다. 야산에 위치하여 시민들의 휴식공간으로 활용된다. 3코스의 산책로가 조성되어 있으며, 공원 내에는 1997년 5월 완공한 목동종합사회복지관이 들어서 있다. 연간 12만 명이 찾는다.",1시간30분,,,,서울 양천구 목동,37.5426479,126.8754084
KCCWSPO20N000000119,강서문화 산책길,강서 문화 산책길,양천향교~겸재정선기념관~구암공원~허준박물관,서울 강서구,쉬움,1~5Km미만,2.51,"강서구의 명소들을 차례로 들르며 걷게 되는 코스 가장 먼저 양천향교를 지난다. 양천향교는 서울에서는 유일한 것으로, 조선조 태종 12년(1411)에 창건돼 노후된 것을 지난 81년에 전면 복원했다. 향교는 조선시대 우리의 교육 문화를 주도해 온 문화유산으로 유가(儒家)의 공자(孔子)를 비롯한 선성성현 및 선유들의 제사를 모셨으며, 지방 향리들의 자제를 교육하는 오늘날의 국립 중고등과정과 같은 교육기관이었다. 향교를 지나 만나는 견제정선미술관은 우리산천을 표현하는데 가장 적합한 진경산수화풍을 완성한 겸제 정선(1676~1759)의 위대한 예술적 업적을 기리고 진경문화의 계승 발전을 위해 2009년에 개관한 곳이다. 이후 가족과 산책하기 좋은 구암공원을 지나면 허준선생 및 한의학 관련 자료를 보존, 수집, 전시하여 한의학박물관으로 위상을 제고하는 허준박물관에 이르러 코스는 마무리 된다.",90분,겸재정선기념관,"겸재정선기념관, 공암나루근린공원",시작점 부근 슈퍼,서울 강서구 가양동,37.5734649,126.8444262
KCCWSPO20N000000120,봉제산 숲나들길,봉제산 숲나들길,담소터~봉제산배드민턴장~등서초등학교운동장~등촌중학교후문길,서울 강서구,보통,1~5Km미만,2.61,"능선을 따라 걷기 좋은 숲길이 뻗은 봉제산은 산을 위에서 내려다보면 마치 봉황새가 알을 품고 있는 형국이라는 것에서 이름을 얻었다. 산 정상인 매봉은 백제시절에 봉화터였던 까닭에 아직도 봉화터, 봉수대라는 호칭을 사용한다. 해발 117m에 약 1만㎡인 봉제산은 산을 빙 둘러싸고 주택가가 형성되어 있어 찾는 이들도 많고, 진입도 어느 쪽에서나 가능하다. 주능선과 가지능선으로 걷기 편한 산책로가 뻗었으며, 각 능선의 중턱으로도 실핏줄 같은 숲길이 자글자글하다.",1시간30분,약수터가 있으나 간혹 식수 부적격 판정을 받음,체육공원,코스 내 없음,서울 강서구 화곡동,37.5450822,126.8547418
KCCWSPO20N000000121,우장산공원 산책길,우장산공원 산책길,우장산공원 출입구~우장산생태육교~한국폴리텍대학앞,서울 강서구,쉬움,1~5Km미만,4.22,"우장산공원 산책길은 많은 시민들의 사랑을 받고 있는 도심 속 걷기좋은 길이다. 우장산공원의 두 봉우리 중 새마을탑이 서 있는 북동쪽을 검두산, 서남쪽의 폴리텍대학이 있는 산을 원당산이라고 부르며, 이 두 곳을 합쳐 우장산이라고 한다. 공원 외곽으로는 남산순환산책로를 연상시키는 포장산책로가 잘 나 있으며, 봉우리 부근으로는 숲 속으로 난 흙길 산책로가 거미줄처럼 뻗어 있다. 유아 숲체험장이 있고 자동차의 출입이 금지되는 길이기 때문에 가족과 유치원생들의 나들이에도 좋은 곳이다.",1시간50분,사전 준비하거나 매점에서 구입,노선 내 2곳 있음,노선 내 없음,서울 강서구 내발산동,37.5530225,126.8439888
KCCWSPO20N000000122,상암산DMC체험 나들길,상암산 DMC체험 나들길,상암DMC~상암근린공원~매봉산근린공원,서울 마포구,보통,1~5Km미만,4.62,"이길은 자연과 인간이 함께 하는 길이다. 봄 개나리부터 가을 구절초까지 계절별로 꽃을 피우는 불광천을 지나 월드컵경기장 앞에 서면 규모에 한번, 응원함성 소리에 한번, 두 번 놀라게 된다. 경기장 뒤 매봉산 내 풀무골에서 지명의 유래와 복원된 대장간을 보고 인근 조망점에서 조망겸 잠시 쉬었다가 상암근린공원(상암산)으로 가게 된다. 상암근린공원에는 근래 서울시 보호종인 두꺼비의 이동이 관찰되고 있으며 5월말～6월초 흐린날 운좋으면 두꺼비가 상암산으로 이동하는 모습도 볼 수 있다. 젊음이 어우러진, 발전하는 마포의 모습을 상징적으로 보여주는 상암DMC에서 각기 개성을 뽐내고 있는 특색있는 건축물과 분주히 오가는 사람들의 모습에서 발전하는 대한민국의 모습도 발견할 수 있으며, 목이 마르면 길 중간중간에 위치한 카페(향기카페, 허브북카페)에 들러 차한잔 마시는 즐거움도 누릴수 있는, 또다시 가보고 싶은 재미있는 길이다.",2시간,DMC 홍보관,"월드컵경기장, 디지털미디어시티역",지하철 역사 및 도심 곳곳에 분포,서울 마포구 상암동,37.5810716,126.8804888
KCCWSPO20N000000123,신촌대학탐방 나들길,신촌 대학탐방 나들길,서강대정문~노고산~이대정문~연세대동문,서울 서대문구,보통,5~10Km미만,5.12,"신촌은 대학촌이다. 대학은 학문의 광장이지만 넓고 활기찬 캠퍼스는 도시민들의 공원역할도 마다 않는다. 상록의 물결이 가득한 신촌의 3개 대학, 서강대-이화여대-연세대캠퍼스 산책로를 연결하면 색다른 걷기 코스가 된다. 세 대학은 각기 다른 개성과 분위기를 풍겨 걷는 재미 또한 독특하다. 차분한 서강대에서 활기 넘치는 이화여대로, 그리고 호젓한 연세대의 숲길을 걸어 신촌으로 돌아 나오는 코스는 가족 나들이나 연인들의 데이트 코스로도 안성맞춤이다.",2시간30분,,,,서울 서대문구 대현동,37.5605338,126.9458316
KCCWSPO20N000000125,홍대예술의거리 나들길,홍대 예술의 거리 나들길,공민왕 사당~와우공원~근현대디자인박물관~홍대걷고싶은길,서울 마포구,보통,1~5Km미만,3.12,"광흥창역에서 시작하는 이 길은 자연과 젊음을 동시에 만끽할 수 있는 길이다. 시작부터 마포의 역사가 서린 공민왕 사당을 만난 후 와우산 산책을 하고, 지칠 때 즈음 와우산 약수터에서 시원한 물 한 잔을 할 수 있다. 산에서 내려오면 홍대 어린이공원, 걷고 싶은 거리, 피카소 거리 등 신선하고 충격적인 문화 속 산책을 하게 된다.",2시간,,,,서울 마포구 창전동,37.5523074,126.928405
KCCWSPO20N000000126,백련산 나들길,백련산 나들길,소공원~은평정~홍제천,서울 서대문구,보통,5~10Km미만,5.1,숲 속에 들어앉아선 숲을 바라볼 수 없다. 같은 이치로 북한산(836m)을 품에 안으려면 백련산(215m)에 올라야 한다. 백련산은 북한산 반의 반 높이에서도 그 장대함을 한 눈에 담아낼 뿐만 아니라 유순한 산길을 따라 한달음에 능선길이 도달하고 두 걸음에 북한산 조망점에 닿는다.,3시간,사전 준비 필요,서대문문화체육회관,코스 내 없음,서울 은평구 응암동,37.5909344,126.9277023
KCCWSPO20N000000127,안산숲 나들길,안산숲 나들길,메타세콰이어 숲~방크스소나무 숲~단풍나무길~벚나무 길~무학정,서울 서대문구,쉬움,5~10Km미만,5.23,"안산은 해발 296m로 동봉과 서봉의 두 봉우리로 이루어져, 산의 모양이 마치 말의 안장 즉 길마와 같이 생겨 붙여진 이름으로, 인왕산에서 서쪽으로 비스듬히 뻗어 무악재를 이루고 있는 산이다.",3시간,사전 준비 필요,,코스 내 없음.,서울 서대문구 봉원동,37.5750534,126.9440234
KCCWSPO20N000000128,탕춘대성숲 나들길,탕춘대성숲 나들길,홍제역 ~ 인왕중학교 ~ 인왕산 지키미 초소 ~ 약수입구 ~ 기차바위 ~인왕산~ 창의문~백사실계곡~ 세검정 ~ 탕춘대성~홍제역,서울 은평구,어려움,10~15Km미만,12.26,"이 길은 조선시대에 축조된 탕춘대성 성곽을 따라 걷는 홍제동 산책로다. 북한산의 지맥을 이어받아서일까. 탕춘대성 오솔길은 높지 않으면서도 장쾌한 조망을 선사한다. 홍제동에서는 홍지문, 오간수문과 고려시대의 석불인 보도각 백불을 볼 수 있다. 이중 숙종 45년에 세워진 홍지문의 편액은 숙종의 친필로 홍지문은 한성의 북쪽에 있는 문이어서 한북문이라고도 불렸다. 탕춘대성을 서울성과 혼동하는 경우가 있지만 탕춘대성은 서울성과 북한산성을 잇는 성곽을 말한다.",4시간,사전 준비 필요,개미마을 언덕 꼭대기,"개미마을 입구, 세검정 입구",서울 종로구 부암동,37.5951045,126.9698301
KCCWSPO20N000000129,진관공원 나들길,진관공원 나들길,구파발역 ~이말산~ 진관 근린공원~ 진관 초등학교,서울 은평구,쉬움,1~5Km미만,2.76,귀모양을 닮았다 하여 붙여진 이(耳)말산에 위치한 진관공원은 진행 중인 은평뉴타운 내 주민들의 산책로로 이용되고 있는 진관공원은 은평뉴타운 및 북한산의 파노라믹한 우수한 경관이 한눈에 들어와 뉴타운사업 완료시 이용객의 수요 증가를 예상할 수 있다.,1시간,,,,서울 은평구 진관동,37.6397778,126.9321281
KCCWSPO20N000000130,도심고궁 나들길,도심고궁 나들길,경복궁~국립민속박물관~종로문화원~창덕궁~창경궁~종묘,서울 종로구,보통,5~10Km미만,8.6,"서울의 대표적인 궁궐 세 곳과 종묘를 걷는 코스다. 조선의 정궁인 경복궁에서 시작해 조선궁궐의 원형이 잘 보존된 창덕궁과 그 후원인 비원을 거쳐 창경궁을 거닌 후, 역대 왕과 왕비들의 신위를 모신 종묘에서 걷기를 마무리한다. 걷는 거리는 10㎞가 채 안되지만 아름다운 전각과 연못들을 감상하다보면 걷는 시간은 생각 이상으로 오래 걸릴 수밖에 없다. ※ 관람 시간(매주 화요일 휴무) 1~2월(09:00~17:00), 3~5월(09:00~18:00), 6~8월(09:00~18:30), 9~10월(09:00~18:00), 11~12월(09:00~17:00) ※ 관람요금 - 4대궁 및 종묘 통합관람권(10,000원, 구입일로부터 1개월 사용)",3시간 30분,사전 준비 필요,곳곳에 다수,있음,서울 종로구 와룡동,37.5821444,126.9899013
KCCWSPO20N000000132,백사실두메 나들길,백사실 두메 나들길,현통사~백사실계곡~북악산스카이웨이2교~북악산길 산책로,서울 종로구,보통,1~5Km미만,3.06,"돈, 시간, 거리 때문에 여행을 못하시는 분들은 도심 속의 숨은 보석지를 교통카드 한 장을 지참하여 산행할 수 있는 곳이 백사실 두메길이다. 경치가 아주 뛰어난 곳에 붙이는 곳으로 백석동천 이곳을 말한다. 조선 세도가의 별장이 있었던 연못과 버들치 및 원앙, 무당개구리가 서식하는 생태경관보전지역으로 생태탐방의 기회를 얻을 수 있는 곳이다.",2시간,,,,서울 종로구 부암동,37.5982013,126.9739462
KCCWSPO20N000000134,부암동 나들길,부암동 나들길,부암동 주민센터~기차바위~만수천약수터~해맞이동산~청운공원,서울 종로구,어려움,1~5Km미만,4.3,"창의문에서 시작하여 산행 후 창의문으로 되돌아오는 산행의 강, 약이 혼재하는 원점회귀 코스다. 좁은 골목길로 안평대군 별장, 현진건 집터를 살펴본 후 인왕산 서북능선을 향해 걷다보면 기차바위 정상에 이른다. 기차바위에서는 폭1.5m 길이50m의 구간을 마치 기차 등을 탄 것 같은 기분으로 통과하게 된다. 복원된 성곽길로 만수천 약수터와 새로 단장한 1.8km의 목재 데크 계단, 버드나무체육시설을 가로지르면 청운공원과 목적지인 창의문에 이르게 된다.",3시간,"청운공원, 만수천약수터",청운공원(자하문출발점),부암동주민센터 주변,서울 종로구 부암동,37.5852259,126.9577876
KCCWSPO20N000000136,북악스카이웨이길,북악스카이웨이길,한성대입구역~하늘한마당~하늘한마당~다모정~북악팔각정~북악스카이웨이 2교,서울 성북구,보통,5~10Km미만,6.96,"‘성북동 산에 번지가 새로 생기면서 / 본래 살던 성북동 비둘기만이 번지가 없어졌다…’ 김광섭 시인이 ‘성북동 비둘기’를 쓴 것이 지난 1968년. 북악스카이웨이가 개통되던 해이다. 비둘기로 상징되는 자연을 깎아서 만든 길, 북악스카이웨이는 자동차만 달렸을 뿐, 사람이 다닐 수 있는 길은 보안상의 이유로 수십 년간 출입이 금지되었다. 그러던 이 길이 2007년 개방됨으로써 산책 명소가 태어나게 되었다.",2시간30분,사전 준비,"하늘한마당, 팔각정공원",팔각정공원,서울 성북구 정릉동,37.6045899,126.9895721
KCCWSPO20N000000137,북악하늘 나들길,북악하늘 나들길,팔각정공원~삼청각~삼청공원,서울 종로구,보통,1~5Km미만,2.79,서울의 비무장지대라고 불릴 정도로 잘 보존된 숲 사이로 뻗은 산책로를 통해 42년간 금단의 땅이었던 북악산을 만끽할 수 있는 코스이다.,2시간,사전 준비 필요,삼청공원,코스 내 없음,서울 성북구 성북동,37.5960082,126.983581
KCCWSPO20N000000138,성북동고택산책길,성북동 고택 산책길,길상사~심우장~수연산방,서울 성북구,보통,1~5Km미만,4.16,"600년 도성의 성곽을 사이에 두고 오랜 세월을 견디어낸 성북동 고택의 고색창연한 길이다. 이 조선 역사의 길에는 법정 스님의 맑은 향이 영원히 가시지 않을 것 같은 길상사를 비롯해 만해 한용운 선생이 말년을 보낸 심우장, 시민기금으로 매입하여 보존하고 있는 최순우 옛집 등이 지나는 나그네들을 따스한 손길로 맞아들인다. 지금의 서울을 그윽하게 조망하게 하여 온고지신의 의미를 되새기는 시간을 만든다.",2시간,사전 준비 필요,길상사,곳곳에 있음,서울 성북구 성북동,37.5960303,126.9880515
KCCWSPO20N000000139,인사동삼청동 나들길,인사동삼청동 나들길,인사동 네거리~경복궁매표소~청와대분수앞~북촌한옥마을길,서울 종로구,보통,5~10Km미만,8.12,서울 도심에서 맛볼 수 있는 역사와 문화가 고르게 어우러진 코스이다. 경복궁 내부의 여러 전각을 둘러보고 고풍스런 담장길을 따라 걷다 푸른 기와가 상징처럼 알려진 청와대의 앞길을 걸어 삼청동 카페길에 다다른다. 이후 서울성곽까지도 갈 수 있는 삼청공원을 산책한 후 서울에서 가장 한옥이 잘 보존되어 있다는 북촌한옥마을의 고즈넉한 길을 밟는다. 서울 도심에 이런 역사와 문화가 깃든 길이 있다는 것이 내내 감사할 따름이다.,2시간,,,,서울 종로구 세종로 1-7,37.5836342,126.9749159
KCCWSPO20N000000141,개운산숲 나들길,개운산숲 나들길,개운초등학교~성북구의회~고려대 북문,서울 성북구,보통,1Km미만,2.2,"대도시에서 “녹색허파”로서의 역할과 수도권 주민들의 자연휴식처로 크게 애용되고 있다. 개운산은 성북구 안암동에 있는 산으로서, 안암산,진석산(陳石山)이라고도 한다. 노선 주변에는 태조 5년(1396) 왕사 무학이 창건한 개운사가 있어 산의 이름이 되었다. 산 중턱 이상까지 도로가 놓여져 접근하기 쉬우며 산을 한 바퀴 빙 둘러볼 수도 있고, 이 코스처럼 중턱 숲길을 따라 걷다 고려대 캠퍼스의 고풍스런 건물을 감상하는 길로 연결해 볼 수도 있다. 개운산은 정상과 중턱 오솔길 모두 성북구에서 공을 들여 가꾼 흔적이 역력하다. 또 정상 조망대에서는 그리 높지 않은 곳임에도 시원한 도심 전망을 만끽할 수 있다.",1시간30분,사전 준비 필요,정상 부근 산책로 옆,코스 내 없음,서울 성북구 종암동,37.5957358,127.0275612
KCCWSPO20N000000142,북한산자락 나들길,북한산자락 나들길,서경대뒷길~정릉풍림상가~서경대평생교육원,서울 성북구,쉬움,1~5Km미만,2.49,"길음초등학교 뒤편에서 시작되는 이 숲길은 서경대학교 뒤편을 지나면 성북생태체험관이 나온다. 생태체험관에서는 요일별로 다양한 생태프로그램을 운영하고 있으며 자연학습체험장이 함께 있다. 북한산 칼바위를 향한 북한산 자락길에 접어들면 울창한 잣나무 숲과 계류, 구릉지의 자연부락과 서울도심을 한눈에 감상할 수 있는 숲길이다.",1시간30분,본인이 구비,서경대학교,"정릉풍림상가, 서경대학교 교내식당",서울 성북구 정릉동,37.6172148,127.0076795
KCCWSPO20N000000143,오동공원 산책길,오동공원 산책길,오동공원,서울 성북구,매우쉬움,1~5Km미만,2.01,"1987년 4월 27일 시민근린공원으로 지정되었다. 서울 강북구 번동·미아동 등의 5개 동과 성북구 월곡동에 걸쳐 있는 대단위공원으로 면적이 138만 2,260㎡에 이른다. 공원에 오르면 북한산·도봉산·수락산·불암산이 병풍처럼 둘러쳐 있고 배드민턴장·운동장·체력단련시설·산책로·잔디밭 등과 함께 울창한 숲이 조성되어 있다. 특히 ‘꽃샘길’로 불리는 길이 400m 구간은 한 시민이 정성을 다해 꽃과 나무를 가꾸는 것으로 유명하다. 공원 산자락에는 북서울 꿈의 숲이 조성되어 있다.",1시간,,,,서울 성북구 하월곡동,37.6094346,127.0397933
KCCWSPO20N000000144,정릉숲 산책길,정릉숲 산책길,정릉 매표소~홍살문~정자각~비각~정릉,서울 성북구,보통,1~5Km미만,2.36,한성대입구역에서 북악스카이웨이를 넘어가는 이 길은 태조 이성계의 계비인 신덕왕후 강씨를 모신 정릉으로 가는 길이다. 신덕왕후 강씨에 대한 미움이 대단했던 태종이 후에 옮겨 온 능이지만 능 주변으로는 걷기 좋은 산책로가 옹골차게 뿌려져 있다. 산책로 곳곳엔 시원한 약수터와 물이 졸졸 흐르는 작은 계곡도 있다. 성북 구민회관부터 북악스카이웨이 입구까지는 메타세콰이어나무가 시원한 그늘을 드리우고 있다.,1시간30분,음수대 있음,입구 부근,,서울 성북구 정릉동,37.6021829,127.0031346
KCCWSPO20N000000145,청장산 산책길,청장산 산책길,의릉입구~ 청장근린공원 전망대~ 의릉입구,서울 성북구,보통,1~5Km미만,2.22,청장공원은 문화적 가치가 높은 사적 204호인 조선 왕릉인 의릉과 도심에서는 보기 드문 울창한 자연림을 볼 수 있는 길이다.,1시간,,,,서울특별시 성북구 석관동 산1-5,37.6042313,127.0575263
KCCWSPO20N000000146,북서울꿈의숲 나들길,북서울꿈의숲 나들길,경북문화정보센터~삼각산전망대~생태이동로~단풍숲,서울 강북구,보통,1~5Km미만,4.7,"북서울꿈의 숲은 오래전부터 오동근린공원으로 불리던 곳이다. 오동공원은 오패산(123m)과 벽오산(135m)이라는 두 봉우리로 이루어졌는데 오패산은 예부터 오얏나무가 많이 자라 집집마다 울타리로 삼을 정도였다고 전해지며, 벽오산은 이 곳에 오헌이란 고개이름에서 유래된 것으로, 조선시대 철종임금의 비 철인왕후가 손자 김석진에게 벽오산이란 글씨를 하사하여 붙어진 이름이라고 한다. 이 오동공원과 드림랜드가 합쳐진 ‘북서울꿈의 숲’이란 명칭은 한강의 북쪽지역에 있는 대표공원이라는 의미와 놀이시설이었던 드림랜드가 대형녹지공원으로 재탄생된 역사성을 담고 있다.",2시간,방문자 센터,"방문자센터, 전망대, 꿈의숲아트센터","꿈의숲아트센터, 방문자센터 앞쪽",서울 강북구 번동,37.6284399,127.0345335
KCCWSPO20N000000147,북서울꿈의숲 산책길,북서울꿈의숲 산책길,월영지~월광폭포~창포원~전망대,서울 강북구,쉬움,1~5Km미만,2.01,북서울 꿈의 숲은 오래전부터 오동근린공원으로 불리던 곳이다. 이 오동공원과 드림랜드가 합쳐진 ‘북서울 꿈의 숲’이란 명칭은 한강의 북쪽지역에 있는 대표공원이라는 의미와 놀이시설이었던 드림랜드가 대형녹지공원으로 재탄생된 역사성을 담고 있다. (‘Free course' 로 자유롭게 다닐 수 있도록 조성) 창녕위궁재사 : 조선 제23대 순조의 둘째 딸 복온공주와 부마 창녕위 김병주의 재사이다. 한일병합 후 김병주의 손자 김석진이 일본의 남작작위를 거절하고 순국자결한 곳이기도 하다.,1시간,방문자센터,"방문자센터, 꿈의숲아트센터, 상상톡톡미술관, 숲속쉼터","꿈의숲아트센터, 방문자센터 앞쪽",서울 강북구 번동,37.62122,127.0383089
KCCWSPO20N000000148,북한산방학 나들길,북한산방학 나들길,방학동길 진입로~매표소~자현암~장수텃밭~장수천~쌍둥이전망대,서울 도봉구,보통,5~10Km미만,6.81,도봉역을 출발해 무수골을 걸어 원통사로 가는 길이다. 아무 근심이 없다는 뜻의 무수골에는 주말농장과 성신여대 생활예절교육관인 ‘난향관’이 있다. 이후 약간의 경사로를 따라 숲길을 걸어가면 도선 국사가 창건했다는 원통사가 오밀조밀한 자태를 뽐낸다. 이후 걷게 되는 방학능선에서는 북한산을 바라보며 걸을 수 있어 풍치가 그만이다.,3시간30분,사전 준비하거나 매점에서 구입,자현암 부근,무수골 입구,서울 강북구 우이동,37.6727256,127.0142913
KCCWSPO20N000000150,쌍문역사 산책길,쌍문역사 산책길,발바닥공원~정자쉼터~쌍문근린공원~벚나무길,서울 도봉구,보통,5~10Km미만,5.24,"쌍문 역사 탐방길은 지나는 발자국 곳곳에 과거 우리의 역사와 문화를 떠올리게 만드는 공간이다. 1960년 형성된 판자촌에 조성한 발바닥 공원, 그리고 연산군과 정의공주의 묘, 원당샘과 천년 은행나무 등 곳곳에 숨어있는 우리의 역사와 문화를 체험할 수 있다.",2시간30분,사전 준비 하거나 매점에서 구입,방학3동 주민센터,코스 곳곳에 다수,서울 도봉구 방학동,37.6555041,127.0254165
KCCWSPO20N000000152,우이령 나들길,우이령 나들길,방문자서비스센터~소귀고개 정상~오봉전망대~석굴암~교현리,서울 강북구,보통,5~10Km미만,7.86,"우이령 길은 서울 우이동과 경기도 양주시를 연결하는 6.8km의 소로였으나. 1968년 1.21사태 당시 무장공비 침투로로 이용된 후 안보상의 이유로 폐쇄되었다가, 결국 2009년 7월 10일에 탐방객 수를 제한하는 조건으로 우이령이 재개방되었?? 특히 우이령 구간은 맨발로 걸을 수 있도록 정비되어 자연을 마음껏 느낄 수 있다.",2시간 30분,식수보급처가 없으므로 중간중간 마을길 통과시 매점에서 구입하거나 사전준비,우이우이령길입구 모바일화장실 위치,우이동 차고지종점 부근에 편의점(미니스탑) 위치,경기 양주시 장흥면 교현리 산 25-1,37.685632,126.9950661
KCCWSPO20N000000153,수락산 나들길,수락산 나들길,암불사~도솔봉~수락산정상,서울 노원구,어려움,5~10Km미만,7.41,"수락산은 해발 637m로 남쪽으로 불암산과 연결되어 노원구 상계동과 의정부시, 남양주시의 경계를 이루고 있다. 수락산 능선상에 있는 암봉들은 서울을 향해서 고개를 숙이고 있는 형국으로 태조 이성계는 서울의 수호산이라고 하였다. 수락산의 명칭은 내원암 일대 계곡에 바위가 벽을 이루고 있어 물이 굴러 떨어지므로 수락이라고 하였다는 설과 골짜기 물이 맑아 금류, 은류, 옥류라는 폭포를 이루어 떨어지는 자태에 이름이 붙여졌다는 전설도 있다. 대부분 돌산으로 화강암의 암벽이 노출되어 있지만 산세는 험하지 않으며 수각계곡과 노원골 일대 1km 산책로는 삼림욕을 하기에 아주 놓은 곳이다. 주말이면 도심에서 몰려온 산악인들로 항상 붐비는 산이며 북한산, 도봉산, 관악산과 함께 서울 근교의 4대 명산으로 불린다. ※ 2012년 ‘G마켓, 생명의숲과 함께하는 아름다운 숲길 가꾸기’ 사업 대상 노선임 ※ 노선 전체에 초록숲길 안내표지판 설치",4시간 30분,벽운동천 약수터,"수락산등산로 입구, 깔딱고개 근처 간이화장실 즐비","수락산 정상, 수락산등산로 입구",경기 남양주시 별내면 청학리 산 103-3,37.6927157,127.0848367
KCCWSPO20N000000154,월계공원 산책길,월계공원 산책길,월계공원,서울 노원구,쉬움,1~5Km미만,1.12,"아기자기한 오솔길이 얽혀있어 걷기 좋은 근린공원이다. 산 정상 부근으로 군부대가 주둔하고 있어, 그 외곽과 기슭을 따라 구불구불 산책로가 나 있다. 산은 매우 작은 편이지만 이중 삼중으로 산책로가 산기슭을 따라 나 있어 적어도 두 바퀴는 돌아주고 가야 서운함이 없다. (무단경작지가 들어서 있는 영축산근린공원은 도심텃밭과 목공, 염색체험을 할 수 있도록 조성방안 검토 중)",1시간,사전 준비 필요,없음,코스 내 없음,서울 노원구 월계동,37.6275801,127.0581412
KCCWSPO20N000000155,초안산 나들길,초안산 나들길,초안산,서울 도봉구,보통,1~5Km미만,4.59,"초안산은 아주 작은 산이지만, 면적에 비해서 믿기지 않을 정도의 아기자기한 길이 고루 퍼져있다. 조선시대 내시들의 묘가 많아 ‘내시네 산’이라고도 불렸는데, 조선시대의 분묘가 무려 1,000여기나 산재해 있다. 한국 전쟁 때 국군이 이곳에 ‘청동 저지선’을 치고 북한군과 치열한 접전을 벌여 지금도 당시의 방공호가 곳곳에 남아 있다.",1시간30분,사전 준비 필요,초안산 축구장,코스 내 없음,서울 노원구 월계동,37.6320789,127.0477266
KCCWSPO20N000000156,망우산숲 나들길,망우산숲 나들길,전망대~망우사색의 길,서울 중랑구,쉬움,5~10Km미만,5.51,"망우리 묘지 이장지역을 생태적으로 복원하여 사계절 즐길 수 있는 공원으로 조성하였다. 묘역을 끼고 있어 왠지 오싹한 느낌이 들 것 같지만 막상 공원에 들어서면 무덤들이 울창한 숲에 가려져 보이지 않아 자연의 여유로움을 만끽할 수 있다. 산책 중간에 박인환 시인의 묘소에 들러 “목마와 숙녀”를 음미할 수 있으며, 주변 곳곳에 있는 어린이 운동의 효시인 방정환, 민족대표 33인 중 오세창, 한용운 선생 등 연보비 앞에서 잠깐 걸음을 멈추고 역사를 음미하는 시간을 갖는 것도 좋을 것 같다.",2시간30분,사전 준비 필요,망우리공원,,서울 중랑구 망우동,37.5979085,127.1130972
KCCWSPO20N000000157,용마산 나들길,용마산 나들길,용마폭포공원~용마산 우수조망명소~깔딱고개~사가정공원,서울 중랑구,보통,1~5Km미만,4.02,"동양 최대의 인공폭포인 용마폭포공원에서 시작하여, 용마산의 수수하고 차분한 숲길을 걸어보는 즐거움이 있는 노선이다. 해발 287m의 용마산은 오르기 어렵지 않고 편안한 산행을 약속한다. 용마산 숲길을 지나 조선 시대의 문신 서거정의 시 4편이 새겨져있는 사가정공원에 이르러 시 한수와 함께 조금은 힘들었던 산행을 마무리할 수 있다.",2시간,,,,서울 광진구 중곡동,37.5723083,127.0982792
KCCWSPO20N000000158,중랑천 제방 장미 벚꽃길,중랑천제방장미벚꽃길,사각문~묵동수림공원~수림대장미원,서울 중랑구,쉬움,5~10Km미만,5.67,"중랑천 제방 산책로에 조성한 장미아치가 인상적이다. 제방 산책로에 4,690여 그루의 덩굴성 사계장미를 아치형 지주대에 붙여 만든 장미아치는 보는 이로 하여금 감탄을 자아내게 한다. 5월 말부터 10월까지 5~6회 꽃을 피우는데 종류별로 다양한 장미꽃을 감상할 수 있다.",2시간,,,,서울 중랑구 중화동,37.5946833,127.0711056
KCCWSPO20N000000159,중랑캠핑숲 나들길,중랑캠핑숲 나들길,중랑캠핑숲입구~망우산공원입구~나들이공원,서울 중랑구,보통,1~5Km미만,3.73,"개발제한구역 내 비닐하우스 등으로 훼손된 곳을 복원하여 학생소풍 및 가족단위 피크닉을 주제로 한 체험공원입니다. 인위적 시설을 최소화하였으며, 건강한 숲을 주제로 한 생태학습 공원입니다. 또한 소규모 야외무대 설치 등 청소년 중심의 문화중심 공원으로 조성되었다.",2시간,,중랑캠핑숲,양원역 부근,서울 중랑구 망우동,37.6008882,127.1138491
KCCWSPO20N000000160,배봉산 답십리 나들길,배봉산 답십리 나들길,배봉산 출입구~답십리 근린공원~배봉산근린공원 진입,서울 동대문구,보통,1Km미만,3.39,"동대문구에서 조성한 녹지순환산책로를 접근이 용이하도록 재구성한 코스이다. 따라서 배봉산근린공원이 그 중심을 이룬다. 배봉산근린공원은 산이 부족한 동대문구의 보조 산소통이다. 배봉산은 동대문구 전농동에 있는 표고 110m의 산이다. 배봉산이라는 이름은 조선조 영조때 사도세자가 당쟁에 의해 죽은 뒤 이곳에 장례를 지냈는데, 사도세자의 아들인 정조가 평생에 못다한 불효를 속죄한다며 날마다 부친의 묘소를 향해 배례를 하면서 산이름이 배봉산(拜峰山)으로 불려졌다. 서울시립대학교가 위치해 있으며, 조선시대 영우원과 휘경원 등 왕실 묘원이 마련되어 있었으며, 목마장의 울타리가 지났던 곳이다.",2시간,사전 준비 필요,삼육의료원 부근,코스 내 없음,서울 동대문구 휘경동,37.5857669,127.0651916
KCCWSPO20N000000161,홍릉수목원길,홍릉수목원길,홍릉수목원 입구~조경인의 숲,서울 동대문구,쉬움,1~5Km미만,1.83,"안암동 고려대학교에서 회기동 경희대학교로 넘어가는 도로변에 위치한 국립산림과학원. 그 안에 살아 숨 쉬는 홍릉수목원은 우리나라 최초의 수목원으로 44만㎡ 면적에 수많은 국내식물이 식재되어 있다. 형형색색의 기화요초는 거대한 정원을 연상하게 만들고 아름드리나무들 사이로 조성된 2㎞ 산책로는 ‘도심 속 오아시스’를 느끼게 한다. 단, 홍릉수목원은 식물 연구 중심의 수목원이라 평일에는 일반인에게 개방되지 않으므로 주말을 이용해야 한다.(무료개방) ※ 관람시간 : 겨울철(11~2월) 10:00~16:00, 여름철(3~10월) 10:00~17:00",1시간,"사전 준비 필요, 산림과학관 내 식수대",곳곳에 다수,매점 없음. 음료자판기는 있음,서울특별시 동대문구 청량리동 회기로 57,37.5937452,127.043973
KCCWSPO20N000000162,서울숲남산 나들길,서울숲남산 나들길,용비교~응봉공원~독서당공원~금호산~매봉산~서울한양도성길,서울 중구,보통,5~10Km미만,8.82,"서울숲에서 시작하여 응봉공원, 금호산, 매봉산을 거쳐 남산에 이르는 코스이다. 2010년 성동구에서 조성한 산책로로서 곳곳에 안내판이 설치되어 있어 헤메지 않고 쉽게 찾아갈 수 있다. 서울숲은 115만㎡에 5개의 테마공원과 다양한 볼거리를 갖추고 내방객을 기다린다. 응봉공원 전망대에서는 서울숲과 함께 한강 일대가 조망되어 야경 촬영지로도 명성이 높다.",2시간30분,사전 준비하거나 매점에서 구입,"서울숲, 응봉공원, 독서당공원",시내 구간에 다수,서울 성동구 금호동2가,37.555593,127.017311
KCCWSPO20N000000164,서울숲공원 산책길,서울숲공원 산책길,숲속길~뚝섬가족마당~거울연못~바람의 언덕,서울 성동구,보통,1~5Km미만,3.48,"서울숲은 이전의 뚝섬유원지 자리에 위치한 공원으로 5개의 테마공원인 문화예술공원, 생태숲, 체험학습원, 습지생태원, 한강수변공원을 갖추고 있다. 넓은 대지에 산책길과 자전거길이 잘 조성되어 있고 벤치, 테이블 등의 휴게공간, 편의시설이 잘 갖추어져 있다. 또한 사슴과 고라니와 같은 야생동물도 만날 수 있어 아이들의 체험학습 공간으로도 좋다. 서울숲은 서울 도심에 위치해 있지만 숲에 온 듯한 느낌을 받을 수 있는 공간으로 서울을 벗어나지 않고 자연을 느낄 수 있다.",2시간,사전 준비 필요,곳곳에 다수,북서쪽 쉼터,서울 성동구 성수동1가,37.54514,127.0387452
KCCWSPO20N000000165,성동 송정둑길,성동 송정둑길,아차산역~어린이대공원~송정동 둑길~살곶이다리~응봉역,서울 광진구,쉬움,5~10Km미만,8.7,무료로 개방되는 어린이대공원을 후문으로 들어가 한 바퀴 돈 후 정문으로 나가게 된다. 이름 그대로 아이들과 함께 가도 아주 좋을만한 코스이다. 이후 군자교 부근에서 시작되는 송정동 둑길을 지난다. 옆으로 동부간선도로를 달리는 자동차 소리가 들리기는 하지만 높이 솟은 가로수들이 시원한 그늘을 드리우고 있어 한여름에도 걷기가 나쁘지 않다. 또한 중반 무렵 화장실 왼쪽으로 시작되는 은행나무길은 울창한 숲 속에 들어와 있는 착각마저 불러일으킨다. 이후 조선시대에 가장 긴 다리였다는 살곶이다리를 건너 중랑천길을 잠시 걸어 응봉역으로 진입한다.,2시간30분,사전준비 필요,송정동 둑길 은행나무길 입구,군자역 부근에 있음,서울 성동구 송정동,37.5497994,127.0646533
KCCWSPO20N000000166,아차산숲 나들길,아차산숲 나들길,만남의 광장~소나무림~아차산성~아차산성 유원지~오동나무 자생지,서울 광진구,보통,1~5Km미만,2.78,서울 한강 북쪽의 아차산은 아끼산 아계산으로도 불린다. 고구려 장군 온달이 신라군과 싸우다 전사했다는 이야기도 전해 내려오며 능선에서는 한강 유역을 한 눈에 내려다 볼 수 있어 예전부터 군사적 요충지로 손꼽힌다.,2시간,아차산입구,"아차산생태공원, 아차산입구",역 주변 매점,서울 광진구 구의동,37.5550446,127.1032633
KCCWSPO20N000000168,어린이대공원 산책길,어린이대공원 산책길,모험의 나라 놀이터~음악분수~전래동화마을~물놀이장,서울 광진구,쉬움,1~5Km미만,3.11,"어린이대공원 산책길은 약 53만여 ㎡의 넓은 공간에 푸른 숲과 파란 잔디의 녹지공간으로 이루어져 있다. 동물원, 식물원, 놀이동산 및 다양한 공연 시설과 체험 공간이 가득한 어린이 대공원은 2006년 가을부터 무료 개방되어 인근대학의 학생들과 직장인들, 지역주민들이 즐겨 찾는 공원이 되었다. `Free course` 로 자유롭게 다닐 수 있도록 산책로가 조성되어 있다.",2시간,사전 준비 하거나 매점에서 구입,곳곳에 다수,곳곳에 다수,서울 광진구 능동,37.5505399,127.0796009
KCCWSPO20N000000169,남산순환나들길,남산순환나들길,남산도서관앞~N서울타워~남산공원~와룡묘,서울 용산구,보통,1~5Km미만,9.17,그 옛날 이 정도 석성을 쌓으려면 도대체 얼마나 많은 인력과 시간이 필요했을까? 하는 의문을 품게 만드는 성곽길로 코스를 시작한다. 서울성곽에 나 있는 길 중에서도 가장 걷기 편한 구간이 바로 이 길의 시작이다. 이후 걷게 되는 남산북측순환산책로는 남산 산책로 중의 으뜸이라 중언부언할 필요가 없을 정도이다. 좋은 길만 엮어 놓았으니 기분 좋게 발걸음 떼는 일만 남았다.,3시간,사전 준비 필요,곳곳에 다수,N타워 부근에 있음,서울 중구 예장동,37.55434,126.9939838
KCCWSPO20N000000170,남산야외식물원 산책길,남산야외식물원 산책길,라틴아메리카 공원~야생화 공원~ 팔도소나무 단지,서울 용산구,쉬움,1~5Km미만,1.93,"남산식물원은 서울시 중구 남산에 있던 식물원으로 1968년 개원하여 2006년까지 운영되었다. 2009년부터 노후화된 시설을 철거하고 실개천, 휴게공간 조성 및 녹지공간 복원 등을하여 2010년말 새롭게 개장했다. 숲길이 잘 정비되어 있고 다양한 식물들이 풍성해 보행자들에게 산책의 묘미를 느끼게 해주는 코스이다.",1시간,사전 준비 필요,식물원 내,한강진역 부근,서울 용산구 이태원동,37.5419568,126.9974518
KCCWSPO20N000000171,덕수궁 산책길,덕수궁 산책길,서울 역사 박물관- 경희궁 - 정동공원 -덕수궁 돌담길~대한문~경운궁 양이재~서울역사 박물관,서울 중구,쉬움,5~10Km미만,6.02,"옛 정취가 그대로 살아있는 높다란 돌담길을 걷다 정동극장, 구러시아공사관, 서울의 역사가 고스란히 담긴 서울 역사박물관 등을 거치며 다양한 볼거리와 배울거리를 만나는 서울 도심의 보석 같은 코스",2시간,사전 준비하거나 매점에서 구입,"덕수궁, 경희궁, 서울역사박물관",곳곳에 다수,서울 중구 정동,37.5676607,126.9716839
KCCWSPO20N000000172,용산가족공원 산책길,용산가족공원 산책길,이촌역~국립중앙박물관~거울못~용산가족공원~보신각종~ 이촌역,서울 용산구,매우쉬움,1Km미만,3.3,"한국 최대 박물관인 국립중앙박물관을 거쳐 도심 속의 녹색쉼터 용산가족공원을 탐방하는 코스이다. 국립중앙박물관은 우리 역사와 문화의 중요한 가치를 배우고 즐겁게 체험할 수 있다. 이곳에는 구석기시대의 소박한 손도끼에서부터 삼국시대의 화려한 금관, 고려시대의 청자, 조선시대의 회화, 근대의 사진들에 이르기까지 우리의 역사와 문화예술이 한데 모여 있다. 이곳에서 우리 문화의 정수를 마음껏 즐기다보면 자연스럽게 우리문화에 대한 자부심을 느낄 수 있다. 박물관 외부에는 야외정원을 따라 석탑, 석등, 석비 등의 다양한 석조 미술품들을 만나볼 수 있지만 아직까지 박물관의 숨겨진 장소라 할 만큼 많이 알려지지 않은 곳이다. 야외전시장을 따라 용산가족공원이 이어진다. 국립중앙박물관 건립에 따라 지금의 크기는 많이 줄었지만 여전히 찾는 이들이 많은 도심의 녹색쉼터이다.",1시간,사전 준비하거나 매점에서 구입,"국립중앙박물관, 용산가족공원, 이촌역",박물과 야외 편의점,서울 용산구 용산동6가,37.5245448,126.9843659
KCCWSPO20N000000173,전쟁기념관 산책길,전쟁기념관 산책길,삼각지역~옥외전시장~전사자영비~ 삼각지역,서울 용산구,쉬움,1~5Km미만,1.6,"호국 자료의 수집·보존·전시, 전쟁의 교훈과 호국정신 배양, 선열들의 호국 위훈 추모를 목적으로 1990년 9월 착공해 1993년 12월 완공하고, 1994년 6월 10일 개관한 기념관이다. 연건평 2만 5천 평에 지하 2층, 지상 4층 규모이며, 호국추모실·전쟁역사실·한국전쟁실·해외파병실·국군발전실·대형장비실 등 6개 전시실로 구분되어 있는 전쟁기념관과 옥외에 조성된 공원을 둘러보며 역사를 되새길 수 있는 코스이다.",40분,,,,서울 용산구 용산동1가,37.5371791,126.9760357
KCCWSPO20N000000174,한남매봉공원 산책길,한남매봉공원 산책길,(구)단국대학교~매봉산공원~힐사이드아파트~남산공원길,서울 용산구,보통,1~5Km미만,1.81,도심 속 작은 숲 속으로 인근 주민들이 산책을 즐기며 남산과도 이어진다.,1시간,,,,서울 용산구 한남동,37.5424539,127.0072826
KCCWSPO20N000000175,강서둘레길,01코스 개화산숲길,방화근린공원~개화산 약사사~정상 전망대~호국충혼비~풍산심씨사당~방화근린공원(3.35Km),서울 강서구,보통,1~5Km미만,3.35,"2012년 1월1일부터 개방된 강서둘레길 1단계구간(3.35km)은 고유한 생태 및 역사문화, 경관자원 등 다양한 볼거리를 제공하기 위해 방화근린공원을 시작으로 개화산 약사사와 전망대, 정상을 지나 호국충혼비, 풍산심씨사당, 방화근린공원으로 이어지는 순환형 코스로 약 1시간 10분 가량 소요된다. 2011년 서울시 걷고싶은 길로 선정됨.",1시간 10분,방화근린공원 음수대,"방화근린공원 입구, 약사사",없음,서울 강서구 개화동,37.5814383,126.8042055
KCCWSPO20N000000178,내곡둘레길,내곡둘레길,염곡마을~(1.5km)안골마을~(2km)샘마을~ (1.5km)신흥마을~ (2km)능안마을~(2.5km)능인산(홍씨마을)~(2km)여의천,서울 서초구,보통,10~15Km미만,11.89,"내곡동은 마을마다 특색있는 이름을 가진 13개 자연부락으로 이뤄진 인심 좋은 전원마을있는 곳이다. 구룡산과 대모산, 인능산 산책로와 내곡동 주민들이 이용하는 자연 그대로의 숲길을 연결하여 걷고 싶은 내곡 둘레길을 조성하고 있다. 또, 둘레길 주변에는 화훼단지, 농장등이 있어 둘러볼 수 있는 내곡동만의 특색이 있는 둘레길이다.",3시간,"내곡동주민센터, 능안마을약수터",내곡동주민센터,"출발점인 염곡마을 편의점, 신흥마을 마을수퍼, 청룡마을 청계산 입구에 있음.",서울 서초구 내곡동,37.4527327,127.0759529
KCCWSPO20N000000179,당현천길,당현천길,상계역 - 불암교 - 새싹교 - 염광교 - 물넘이교 - 당현2교 - 당현3교 - 소각장,서울 노원구,매우쉬움,5~10Km미만,5.1,"당현천은 중랑천의 제1지류로 수락산에서 발원하여 남서쪽으로 뻗어 흐르는 하천이다. 과거에는 이 물줄기를 ‘마전내’라고 불렀고 유로연장 6.1km, 평균 하천의 폭이 44m이다. 우이천 다음으로 규모가 큰 하천이다. 2013년 5월에는 당현천 제2통수식을 가졌다. 이 하천을 정비하여 아름다운 벽화, 물넘이교다리, 정자, 각종 조각상을 설치하고 수중 연못을 만들어 정비하여 주민들이 대표적으로 사랑하는 친환경 시설이 되었다.",1시간,없음,소각장 근처,"산책로에는 매점이 없고 상계역, 중계역 등 인근에 상가가 있다.",서울 노원구 중계동,37.6493724,127.0662353
KCCWSPO20N000000180,마포난지생명길,02코스,"합정역→망원정지→양화진나루터→절두산순교성지→당인리발전소(9Km, 소요시간 - 3시간)→밤섬→삼개포구→토정이지함생가터→마포종점→마포음식문화거리→마포역(1.5km)",서울 마포구,쉬움,1~5Km미만,9,한강 연안에 위치한 마포는 옛날 수상교통의 요충지로 삼남지방에서 올라오는 곡물을 저장하는 수많은 창고가 있었고 일찍부터 발달된 어촌이 형성되었으며 우리말(三浦-3개의 포구)라고 불렀던 포구 이름을 한자명으로 옮겨 적어 ‘마포’라는 마을 이름이 유래된 것처럼 마포라하면 한강을 빼놓을 수 없듯이 한강과 더불어 함께한 마포의 역사와 문화를 한강변을 따라 거닐어 보며 매력을 느낄 수 있는 길이다.,3시간,곳곳에 마트와 매점이 있음,한강시민공원,곳곳에 마트와 매점이 있음,서울 마포구 상암동,37.5755494,126.8693946
KCCWSPO20N000000182,서울둘레길,05코스 관악산코스,사당역~관음사~낙성대~ 서울대입구~삼성산성지~호압사~석수역,서울 금천구,어려움,10~15Km미만,12.7,"관악, 삼성산코스는 사당역에서 출발해 관악산, 삼성산을 거쳐 석수역에 도착하는 코스이다. 관악산과 높은 고도로 등반을 위한 산행이 대부분이지만 본 코스는 관악산의 둘레길을 따라서 걷는 코스로 자연경관이 매우 훌륭하고 곳곳의 역사문화유적이 다양하게 분포하고 있어 볼거리 또한 매우 풍부하다. 대부분의 구간이 숲길로 비교적 난이도가 있는 코스지만 서울의 산림자연환경을 느낄 수 있는 최적의 코스이기도 하다.",5시간 50분,"호천약수터, 불로천약수터, 남서울약수터",호압사,도착지점 안양시계 주변,경기 과천시 막계동,37.4318137,127.0080989
KCCWSPO20N000000185,불암산 하루길,불암산 둘레길,넓은마당 ~(2km)넓적바위 ~ (1.2km)104마을 갈림길 ~ (1.8km)공릉산 백세문 ~ (3.2km)삼육대정문 ~ (2km)삼육대갈림길,서울 노원구,보통,10~15Km미만,11,"불암산 둘레길은 덕릉고개 부분만 제외하고는 남녀노소 누구를 막론하고 편안히 걷기에는 최적의 장소이다. 부부, 자녀, 연인의 데이트 코스로도 적극 추천하는 최적의 코스다. 넓적바위 옆에 위치한 학도암과 바위 전면에 새겨진 관음보살도 구경하고 특별히 삼육대 갈림길 코스에 있는 중계동 백사마을로 연결해서 걸으면 앞으로 재개발로 사라지게될 1960년대 서민들이 살았던 이 시대의 마지막 달동네 백사마을을 보는 것을 덤으로 얻을 수 있다. 또한 곳곳에 다양한바위(음바위, 좆바위 등)가 숨겨져 있어 이를 살펴보는 재미도 쏠쏠하다.",4시간,"당고개역, 공릉사백세문에서 삼육대정문 가는 코스에 서울여대지나서 음식점도 있고, 매점도 많다.","당고개역, 넓은마당, 경수사, 104마을갈림길 가는 길에 있는 간이 화장실, 공릉백세문 가는길에 간이화장실",경수사,서울 노원구 공릉동 산 222-1,37.6420864,127.0915048
KCCWSPO20N000000186,신반포올레길,신반포 올레길,총 3km (신잠원나들목 -(1.15km) 신반포5차 오솔길 - (1.50km)반포나들목 -(2.1km) 반포한강공원 축구장 - 신잠원나들목(3km),서울 서초구,매우쉬움,1Km미만,3,잠원나들목을 시작으로 오솔길을 따라 걷다보면 조용히 사색을 하며 걸을 수 있는 메타세콰이어 숲길(신반포아파트 오솔길)이 나온다. 일상의 스트레스를 벗고 숲속의 청량한 공기가 몸과 마음의 휴식을 느끼게 해 준다. 그렇게 숲의 상쾌함을 느끼다보면 어느새 한강으로 이어지는 반포나들목을 만나게 된다. 반포나들목에 들어서면 한강의 시원한 강바람이 먼저 반겨준다. 한강둔치를 걸으며 보이는 한강의 풍경은 잠시 현실의 짐을 내려놓게 한다. 한강을 따라 다시 처음 출발지인 잠원나들목에 도착하면 내 몸이 힐링되어짐을 느낄 수 있다. 신반포 올레길은 아파트단지에서 보기드문 숲의 피톤치드와 한강의 강바람을 함께 느낄 수 있는 도시 힐링로드(healing rod)로 주민의 건강뿐 아니라 휴식의 공간으로 자리잡고 있다.,60분,반포한강공원 편의점 앞,반포한강공원 편의점 앞,반포한강공원 내 편의점 1곳,서울 서초구 잠원동,37.5121264,127.0016423
KCCWSPO20N000000187,양재천 산책길,양재천 산책길,양재시민의숲~(0.4km)양재천교~(0.5km)무지개다리~(0.6km)양재천교~(0.7km)영동1교~(0.8km)영동2교~(1km)양재시민의숲,서울 서초구,매우쉬움,1Km미만,4,다양한 종류의 수목이 우거진 양재시민의 숲을 지나 양재천을 따라 산책길이 이어진다. 여러 종의 어류가 서식하고 있는 생태하천의 여러 생물들을 찾아보는 재미가 있다. 자전거길도 함께 조성되어 있어 자전거를 타보며 달려보는 재미도 있다.,60분,양재시민의 숲,"양재시민의 숲, 근린 공원",양재천 주위의 편의점,서울 서초구 양재동,37.4736085,127.0352218
KCCWSPO20N000000188,토성산성어울길,01코스 몽촌토성길,몽촌토성역~소마미술관~한성백제박물관~몽촌토성~몽촌역사관~성내천~방이습지~마천중앙시장~ 마천역,서울 송파구,매우쉬움,5~10Km미만,7.6,"‘토성산성어울길’이란 몽촌토성역에서 시작하여 올림픽공원, 성내천, 마천전통시장을 거쳐 남한산성을 오르는 19.6km의 길이다. 몽촌토성에서 남한산성까지 이어진다 하여 ‘토성산성어울길’이란 정겨운 명칭을 얻었으며, 문화체육관광부 발간 ‘지금 이 길의 아름다움’이란 책자에 소개될 정도로 코스 요소요소에 역사와 문화, 자연과 생태, 전통시장 등 다양하고 매력적인 볼거리를 자랑한다. 역사ㆍ문화자원으로는 한성백제의 고대유산인 몽촌토성과 토성 위에 자리잡은 몽촌역사관, 지난 4월에 개관한 한성백제박물관, 남한산성, 그리고 88올림픽의 열정이 살아있는 올림픽공원, 소마미술관 등이 있다. 자연ㆍ생태 자원으로는 한국의 아름다운 100대 하천으로 선정된 성내천, 자연생태경관지역으로 지정된 방이습지, 그리고 수려한 경관을 자랑하는 남한산이 있으며 이외에도 탐방객들을 유혹하는 전통먹거리가 가득한 마천전통시장이 자리하고 있다.",2시간 30분,"코스 곳곳에 편의점이 있으며, 마천중앙시장이 코스에 포함","올림픽공원내 화장실, 성내천 간이화장실, 마천역화장실 등","코스 곳곳에 매점이 있으며, 마천중앙시장이 코스에 포함",경기 광주시 남한산성면 산성리 산 13,37.4808953,127.1860031
KCCWSPO20N000000190,허밍웨이길,허밍웨이길,동작역 1번출구~(0.5km)이수교~(0.6km)심산기념관~(0.9km)고속버스터미널 5번출구,서울 서초구,매우쉬움,1Km미만,2,"반포천과 나란히 이어지는 허밍웨이길은 코노래가 나오는 쾌적한 길이라는 뜻을 갖고 있으며, 산책로 양쪽이 나무로 둘러싸여 있어 도심속에서도 숲 속을 걷는 듯한 느낌을 준다. 2010년 서울시 여성행복 프로젝트 사업의 일환으로 여성이 행복한 길로 인증받았다.",30분,"반보본동주민센터, 심산기념관 내","반보본동주민센터, 심산기념관 내 화장실 이용",9호선 구반포역 인근에 편의점 및 식당 이용 가능,서울 서초구 반포동,37.4998075,126.9910117
KCCWSPO20N000000191,강동그린웨이 걷기대회 코스,강동그린웨이 걷기대회 코스,일자산 잔디광장 ~ 일자산 해맞이광장 ~ 가족캠핑장 ~ 허브천문공원 ~ 피크닉장 ~ 일자산 잔디광장,서울 강동구,보통,1~5Km미만,3.78,"강동그린웨이 총 25km 구간 중 해당 구간은 강동그린웨이 걷기대회 코스로 일자산 잔디광장을 출발해서 해맞이 광장과 가족캠핑장을 지나 허브천문공원과 피크닉장을 경유하여 다시 잔디광장으로 돌아오는 3.5km 코스이며, 국제시민스포츠연맹(IVV)에서 ""아름답고 걷기 좋은 길""로 인증 받은 길이다. 강동그린웨이 걷기대회는 3~11월 네번째 토요일 07:40에 개최한다고 한다. 일자산 기슭 2만 5,500㎡에는 “감촉의 정원/향기의 정원/차의 정원/맛의 정원”으로 분류된 허브원과 자생원, 약초원, 암석원, 온실, 관천대(觀天臺), 전망데크, 놀이터, 산책로 등이 조성되어 있으며, 2008년 개원한 일자산자연공원과도 연결되어 있다.",1시간 30분,"제1체육관, 가족캠핑장","일자산 잔디광장 옆 일자산 제1체육관 내, 강동그린웨이 가족캠핑장",강동그린웨이 가족캠핑장,경기 하남시 감북동,37.5306845,127.1536069
KCCWSPO20N000000192,아차산 고구려 역사길,01코스 아차산 고구려 역사길,"광나루역→아차산 입구(만남의 광장)→홍련봉 1?2보루→고구려정→해맞이광장→아차산1보루→아차산5보루→아차산3보루→아차산4보루→아차산2보루→대성암→낙타고개→아차산성→아차산생태공원,아차산고구려역사문화홍보관→워커힐길→워커힐 피자힐→상부암석불입상→광나루터(광나루 낭만의 거리)→광진교(리버뷰 8번가)→한강자전거공원",서울 광진구,보통,1Km미만,7.8,"광나루역에서 출발하여 남한 지역에서 가장 많은 수의 고구려 유적이 위치한 아차산 일대를 돌아보고, 고구려군이 한성 백제를 공격하기 위해서 한강을 건너 풍납토성과 몽촌토성으로 진격한 길을 따라 걸어 봄으로써 도시 속에서 1,500년전으로 시간 여행을 떠나는 코스이다. 또한 몽촌토성부터 남한산성에 이르는 토성산성 어울길과 연결되는 노선으로 고구려?백제?신라 삼국간의 항쟁, 신라와 당간의 나당전쟁, 조선과 청의 병자호란에 이르는 역사의 무대를 모두 연결하는 길이다. 아울러 서울 동부권에서 가장 좋은 생태 자원을 갖추고 있는 아차산의 풍부한 생태환경과 광나루와 맞은편의 천호동 일대의 한강 둔치를 동시에 즐길 수 있는 명실상부한 문화 생태 탐방로이다.",3시간 40분,아차산 생태공원 약수터 1곳,아차산 생태공원 2개소,아차산 생태공원 1개소,경기 구리시 아천동,37.5581581,127.1036886
KCCWSPO20N000000193,독산자락길,01코스,만수천-진달래동산-정심초교-감로천 생태공원-금천체육공원-금천정-산울림다리-들꽃향기원-시호천약수터-산기슭공원,서울 금천구,보통,1~5Km미만,2,"독산자락길은 2010년 조성하여 주민들에게 개방한 등산로로 독산3동 만수천공원에 시흥4동 산기슭공원을 거쳐 시흥2동 호압사에 이르는 약 5.0㎞코스로, 완만한 오르막과 내리막이 반복되어 단조로움이 없다. 주변에 핑크색물감을 업질러 놓은 듯한 진달래 동산, 눈가루를 뿌려놓은듯한 산벚나무길, 미니구름다리인 산울림다리 등 다양한 볼거리가 등산객을 맞는다",1시간 30분,"만수천약수터, 시호천약수터","만수천공원, 독산자연공원, 금천체육공원",출발점인 독산고 입구 정거장에만 1곳 있음,서울특별시 성북구 정릉4동 산12-3,37.6210595,127.0067004
KCCWSPO20N000000352,우면산 둘레길,우면산 둘레길,사당역~(2.4km)우면산~(1.7km)예술의 전당~(2.5km)양재시민의 숲~(3.4km)구룡산~ 교현리,서울 서초구,보통,10~15Km미만,10.5,산모양이 소가 잠을 자고 있는 모양이라 하여 이름지어진 우면산은 서울시 도시자연공원으로 지정관리되고 있으며 산책로가 조성되어 있어 도시민들에게 아늑한 휴식처를 제공하고 있다. 기존 산책로를 정비하고 산사태로 무너진 공간을 정비하면서 새롭게 탄생한 우면산 둘레길은 울창한 삼림뿐만 아니라 아름다운 꽃과 휴식공간이 있어 많은 시민들이 찾아오는 산책로이다.,3시간,"사당역, 서초구청, 양재시민의 숲 인근 편의점","사당역, 서초구청, 양재시민의 숲","사당역, 서초구청, 양재시민의 숲 인근 편의점",서울 서초구 우면동,37.4764703,127.0187489
KCCWSPO20N000000465,개화산자락길,개화산무장애숲길,약사사 인근 무장애숲길 출발지 ~ 북카페 1 ~ 북카폐 2 ~ 하늘전망대,서울 강서구,매우쉬움,1Km미만,0.7,"개화산은 강서구 방화동에 위치한 128m 높이의 나지막한 산이다. 개화산 자락길은 방원중학교 주변 개화산 입구부터 하늘길 전망대까지 총 2.1㎞이며, 이중 0.7㎞ 구간은 1.8m 폭으로 목재데크를 깔고 손잡이도 설치해 장애인도 쉽게 오를 수 있도록 했다. 또한 장애인 이용자의 편의를 돕기 위해 7곳의 휠체어 회 차 구간과 차량 3대를 주차할 수 있는 전용 주차장도 마련됐다. 사계절 아름다운 자연을 만끽할 수 있도록 자락길 주변에는 산벚나무, 산사나무, 맥문동 등 14종 3만 7천여 주의 관목·교목·초화류를 조성해 두었다. 또한, 숲속에서 독서를 즐기며 심신을 정화할 수 있도록 북카페도 두 곳에 설치했고, 이 곳에는 건강, 여가, 소설 등 책이 비치되어 있고, 테이블과 의자를 갖춰 누구에게나 편안한 힐링공간으로 꾸며져 있다.",30분,출발지 인근,출발지 인근 및 약사사,약사사,서울특별시 관악구 대학동 197,37.4564293,126.9457572
KCCWSPO20N000000477,서울도보관광코스,성균관 유생들의 이야기,"탕평비→ 하마비→ 반수→ 삼문→ 대성전 영역(대성전, 비각, 동무, 서무, 전사청)→ 비천당→ 은행나무 → 명륜당 영역(명륜당, 동재, 서재, 진사식당) → 존경각, 육일각, 향관청 → 정록청",서울 종로구,매우쉬움,1~5Km미만,2,"조선시대의 국립대학이자 공자에게 제사를 드리는 사당인 성균관.인기 TV드라마 ‘성균관 스캔들’로 다시 한번 주목을 받으며 성균관유생들의 생활과 이들이 생활한 공간, 그에 얽힌 인물들의 이야기를 알아보는 코스이다.",2시간,사전에 준비 필요,성균관대학교 내 곳곳,성균관대학교 앞,서울 종로구 가회동,37.5825259,126.9850602
KCCWSPO20N000000522,동네 골목길 관광 코스,02코스 사직동 오솔길,대림미술관~(640m)통의동 백송터~(175m)통의동 한옥마을~(130m)홍종문가옥-비개방~(585m)배화여고생활관~(375m)사직단~(210m)황학정~(277m)단군성전~(180m)오솔길~(640m)성곡미술관~(522m)서울역사박물관~(573m)서울시립미술관~(150m)경희궁~(81m),서울 종로구,보통,1~5Km미만,4.6,"도심속 오아시스로 - 백성의 복을 빌다, 좌묘우사 사직단 - 도심속 오아시스로 '황학정'가는 길 - '휴(休)' 문화공간 : 대림, 성곡미술관 등 관람여행 - 통의동 배송 나무사랑 이야기",1~2시간,경희궁(서울시립미술관 앞 공원 내),"경복궁역, 배화여고 생활관 옆, 사직공원, 서울역사박물관, 경희궁","슈퍼, 편의점 있음",서울 종로구 세종로 77-9,37.5758462,126.9756294
KCCWSPO20N000000573,북한산둘레길,18코스 도봉옛길(무장애 탐방구간),도봉사~(0.05km)산정약수터입구~전망데크(0.3km),서울 도봉구,매우쉬움,1Km미만,0.3,"도봉산 주탐방로와 만나는 도봉옛길은 조상의 정취를 간직한 볼거리가 가득한 구간이다. 도봉산에서도 이름난 사찰인 도봉사, 광륜사, 능원사를 지나는가하면 도봉계곡 옆에 있는 우암 송시열의 '道峰洞門(도봉동문)'이란 바위글씨가 명산의 입구임을 알려준다. 세종이 재위 당시 찾았다가 물 좋고 풍광이 좋아 아무런 근심이 없는 곳이라하여 그 이름이 유래된 무수골에는 세종의 아홉째 아들인 영해군의 묘를 비롯해 단아한 모양새를 한 왕족묘가 있다. 산정약수터입구에서 시작하는 220m의 무장애 탐방로는 휠체어 통행이 가능하며, 탐방로 끝 전망데크에 서면 선인봉과 도봉절경이 한눈에 들어온다.",왕복 20분,사전 준비 필요,도봉사 앞 화장실,코스 내 없음,서울 은평구 불광동,37.6261212,126.9362684
KCCWSPO20N000000613,서울 한양도성 길,01코스 북악산,창의문~(2km)숙정문~(200m)말바위안내소~(1.3km)와룡공원~(1.215km)혜화문,서울 종로구,어려움,1~5Km미만,4.715,"""백악마루 아래 서울이 열리다"" 북악산코스는 창의문을 시작으로 숙정문을 거쳐 혜화문에 도달하는 코스이다. 창의문휴게소에서 간단한 출입절차를 거치며, 성곽을 따라 걷는 동안에 성곽유적 뿐만 아니라 서울 시내를 한눈에 바라볼 수 있는 조망명소가 많이 위치해 볼거리가 매우 풍부하다. 와룡공원을 지나 시내로 접하는 구간부터는 성곽이 멸실되었으며 좁은 마을길을 지나지만 잃어버린 역사의 흔적을 따라 걷는 동안 우리의 역사문화유적에 대한 경이로움을 느낄 수 있다.",2시간,창의문안내소 앞,"경복궁역, 창의문안내소, 말바위안내소, 혜화문역",,서울 성북구 삼선동1가,37.5807966,127.0086358
KCCWSPO20N000000628,중랑천 제방 산책로,01코스,군자교~장평교(1.4km)~장안교(1km)~배봉산 연육교(1km),서울 동대문구,매우쉬움,1~5Km미만,3.8,"동대문구 장안동과 휘경동 일대 중랑천 제방을 따라 조성된 산책로로 수령이 오래된 앙벚나무와 느티나무가 심어져 한여름철에도 시원한 그늘을 제공하고 있으며, 바닥은 산책과 조깅 등 이용시 무릎에 부담이 가지 않도록 탄성소재로 포장되어 있으며, 산책로 곳곳에 휴게쉼터와 전망데크, 운동기구 등이 설치되어 있어 산책로를 찾는 시민들에게 운동과 휴식, 여가활동 공간으로 사랑받고 있다.",1시간,없음(식수 준비요망),"장한평역, 제방 공중화장실(일정 거리마다 있음)",장한평역내 편의점,서울 중랑구 면목동,37.5750052,127.0774172
KCCWSPO20N000000993,염리동 소금길,A+B코스,A구간 : 가로등 따라 1-3-4-8-13-17-62-68 (1.1km 25분 소요) B구간 : 가로등 따라 59-55-46-38-32-29-19 (0.6km 15분 소요),서울 마포구,매우쉬움,1~5Km미만,1.7,"서울시의 범죄예방 디자인 프로젝트 일환으로 염리동 골목길을 주민들의 편의와 안전, 건강을 겸비한 걷는 길 ‘염리동 소금길이 만들어졌다. 골목길마다 노란색, 파란색으로 이루어진 대문, 코스를 알려주는 전봇대, 범죄예방을 위한 소금지킴이집과 비상벨 등 주민들의 아이디어와 자원으로 이루어진 아름다운 길이다. 운동코스는 실제 운동 트레이너들이 맞춤형코스로 만들어져 있어 운동효과도 볼 수 있다. 최근 수원시에서도 이 사업을 벤치마킹을 실시할 정도로 완성도 높은 코스이다.",40분,본인이 구비,"소금나루 무더위쉼터, 이대역",골목에 슈퍼마켓 즐비함.,서울 마포구 염리동 9-245,37.5553554,126.9470349
KCCWSPO20N000001084,관악산공원 무장애 숲길,무장애 탐방구간,관악산제2광장 화장실- 책읽는 쉼터(진입광장)- 잣나무쉼터-(순환형 숲길[1구간]/순환형 숲길[2구간])- 도토리쉼터/- 바위쉼터-등반형 숲길-전망쉼터,서울 관악구,매우쉬움,1~5Km미만,1.3,"2013년 5월 관악산에 처음으로 조성된 무장애 숲길은 전구간 경사도 8% 미만(장애인 시설 설치기준)으로 휠체어 및 유모차도 편하게 오를 수 있게 조성하였다. 지형에 따라 산책하듯 숲을 즐길 수 있도록 조성된 순환형 숲길(750m)과 지그재그형 오르막길을 따라 산을 오르며 전망할 수 있는 등반형 숲길(550m)을 구분하였으며, 등반형 숲길을 따라 관악산 열녀암 까지 오를 수 있다. 정상에서는 서울대학교 교정을 비롯 남산타워, 63빌딩 등 서울시내 전경을 바라볼 수 있다.",40분,관악산 제1광장 음수대 및 돌산물레방아 옆 음수대,"관악산 광장, 돌산화장실, 나들이숲 화장실, 제2광장 화장실",제1광장 들어서는 길목에 각종 군것질거리 판매,서울 관악구 신림동,37.4548218,126.9484305
KCCWSPO20N000001261,인왕산 자락길,인왕산 자락길,사직단 입구 ~ 단군성전 ~ 황학정 ~ 택견 수련터 ~ 족구장 ~ 수성동계곡 ~ 윤동주 시인의 언덕 ~ 윤동주 문학관,서울 종로구,보통,1~5Km미만,3.2,"인왕산 기슭에 새로운 길이 생겼다. 아니 새로운 길은 아니다. 원래 있던 길이었으니 길을 새로 낸 것은 아니다. 동네 사람이나 알음알음 아는 사람만 다니던 길을 이어서 새로운 길을 만들었다. 흩어져 있던 구슬을 꿰어 보배로 만든 것이다. 내를 건너서 숲으로, 고개를 넘어서 마을로 가는 길. 그 길은... 인왕산 자락길이다. 인왕산 자락길은 종묘와 더불어 나라를 지탱하는 기둥이었던 사직단에서 시작한다. 경희궁에서 옮겨 온 황학정 활터와 택견 수련장을 지나 겸재 정선의 그림으로 유명한 수성동 계곡으로 간다. 오르고 내리고 감아 돌아가고 지루할 틈이 없는 숲길이 계속 이어진다. 윤동주 시인이 자기 이름을 써 보고 흙으로 덮었을지도 모를 시인의 언덕 아래에는 소박한 윤동주 문학관이 있다.",1시간 30분,없음,"사직단, 족구장 간이화장실, 청운공원 운동시설 앞, 윤동주 문학관","사직공원 주변, 세종마을 일대, 윤동주문학관",서울 종로구 옥인동,37.5825858,126.9625124
KCCWSPO20N000001313,노원산내들길,노원산내들길,경춘선공원 ~ 중랑천 ~ 숲속도서관 ~ 수락산디자인거리 ~ 불암산·수락산둘레길,서울 노원구,보통,10~15Km미만,26.5,"노원산내들길은 가족끼리,연인끼리 손잡고 천천히 산책하며 사색을 즐기고 시민 누구나 여유를 갖고 안전하고 편안하게 이용할 수 있도록 노원의 공원,생태,하천,녹지를 연결하는도보길로 가까운 거리에서 지하철이나 버스노선을 고려하여 접근하기 쉽도록 하였으며 노원을 한바퀴 돌아보는 코스입니다.",총 10시간,노원구 외곽을 도는 도보길로 물을 준비하는 것이 좋다,불암산·수락산둘레길 구간은 화장실이 많지 않아 지하철역을 이용하는 것이 좋다,"노원구 외곽을 따라 걷는 길로 불암산·수락산둘레길 주변,중랑천주변은 먹거리와 물을 준비하는 것이 좋다",서울 노원구 공릉동,37.6206918,127.078706
KCCWSPO20N000001402,관악산둘레길,서울구간,까치산생태육교 ~ 낙성대공원 ~ 관악구청~ 관악산공원 ~ 돌산 ~ 삼성산성지 ~ 난우공원 ~ 신림근린공원 또는 (삼성산성지 ~ 호압사 ~ 석수역),서울 관악구,보통,15~20Km미만,15,"관악산을 둘러싸고 있는 높낮이가 심하지 않은 평탄한 숲길을 걸으며 자연과 문화, 역사를 즐길 수 있는 길로써 강감찬장군의 애국사상을 고취 할 수 있고 자연학습 체험활동이 가능하다. 또한 느림과 사색의 조화를 느낄 수 있는 코스이다.",5시간,중간 중간에 약수터 이용,"낙성대공원, 관악산공원 내 여러 곳에 분포","낙성대공원, 서울대정문 옆 등",서울 관악구 신림동 산 78-1,37.4711649,126.925688
KCCWSPO20N000001459,안산자락길,안산 자락길,한성과학고~안산천약수터~무악정~연흥약수터 부근~시범아파트철거지~한성과학고,서울 서대문구,쉬움,5~10Km미만,7,"안산자락길은 독립공원, 서대문구청, 연희숲속쉼터, 한성과학고, 금화터널 상부, 봉원사, 연세대학교 등에서 쉽게 숲길로 들어갈 수 있어 접근성이 뛰어나다. 접근경로 다양한 만큼 출발지에 따라 느낌도 확연히 다르다. 옛 서울의 서쪽 관문인 독립문사거리 옆 독립공원, 독립공원엔 일제강점기 아픈 역사의 흔적을 고스란히 재현해 놓은 서대문 형무소가 있고, 그 뒤로는 안산의 한적한 숲길을 따라 자락길이 조성되었다. 2013년 11월에 개통된 안산 자락길은 총연장 7km로, 계속 거닐다 보면 다시 출발한 곳으로 돌아오고 보행약자도 안산에서 산림욕을 즐기며 편하게 산책할 수 있도록 ‘순환형 무장애 숲길’로 만들어진 것이 특징이다. 무장애 숲길 중 오르내리는 ‘편도형’이 아닌 ‘순환형’으로 완공된 숲길은 전국에서 처음이다. 안산 무장애 자락길에서는 메타세쿼이아, 아까시나무, 잣나무, 가문비나무 등으로 이뤄진 숲을 즐길 수 있으며 흔들바위, 너와집쉼터, 북카페, 숲속무대 등 다양한 볼거리와 즐길거리도 만날 수 있다. 또한 인왕산, 북한산, 청와대가 한눈에 들어오는 장관을 편리하게 감상할 수 있도록 조성했다. 낮지만 웅장한 안산, 그 안산이 내어준 자락길의 한적한 숲길을 지나 독립공원으로 되돌아오는 여행은 발로만 느끼기에는 보고 생각할 일이 너무도 많다.",2시간,"무악정 인근 약수터, 등산로 중간마다 약수터 위치(자락길에서 약수터이정표 따라 이동)","독립공원, 자락길 중간마다 화장실이 위치","독립공원, 서대문구청, 연희숲속쉼터, 연세대학교 입구",서울 서대문구 봉원동,37.5744807,126.9448706
KCCWSPO20N000001532,서울 천주교순례길,01코스 말씀의 길,명동성당~김범우의 집터~한국천주교발상지(이벽의 집터)~좌포도청터~종로성당~낙산성곽~가톨릭대 성심교정 성당~석정보름우물~가회동성당,서울 종로구,보통,5~10Km미만,9.8,"성지순례길을 걸으며 성지와 유적지를 경건한 마음으로 방문해보자. 순례자에게는 를 봉헌하는 전대사가 주어지고 여행객에게는 천주교의 문화유적과 역사를 이해하는데 큰 도움을 준다. 또한, 서울의 문화유적지도 두루걸쳐 볼 수 있는 코스로 지금까지 우리가 알던 서울이 얼마나 많은 문화와 유적이 있는 곳인지를 새삼 느껴지게 만드는 코스이다. 순례길의 시작은 명동성당이다. 명동성당이 자리하고 있는 명동 일대는 옛날 조선 ‘한성부 남부 명례동(明禮洞)’에 속하던 지역으로 지금은 주위 고층빌딩 때문에 잘 보이지 않지만 ‘북달재’라고 불리던 곳이다. 남산 북녘 언덕 위에 세워진 명동성당은 도성 내 어느 곳에서나 올려다 보이던, 뾰족탑이 인상적인 서양식 교회 건물로 세인의 이목을 끌었다. 이어 만나는 김범우의 집터를 만나게 되는데 이곳은 명례방으로 남산 아래의 여러 마을들과 지금의 을지로 입구에서 명동 성당 부근까지를 포함하고 있던 곳이다. 이벽의 집 터를 알리는 곳은 평신도에 의한 자발적인 최초의 신앙 공동체 탄생한 곳으로 한국천주교의 발상지이다. 사실 이벽의 집은 표지석 정면 청계천 상가부근으로 표지석세울 장소가 마땅치 않아 그 근처 인도에 기념표석을 건립한 것이다. 천주교와 가장 밀접한 관청을 논한다면 포도청이다. 포도청은 원래 도적을 잡기 위한 목적으로 설치?운영되었다. 그러나 점차 그 담당 업무가 확대되어 한성부민들의 생활 전반에 걸쳐 금지 조항을 위반하는 사건들을 다루면서 천주교 박해시기 수 많은 신자들이 순교한 곳이다. 종로성당을 지나 낙산성곽을 따라 걷게 되는데 낙산성곽은 내사산 중 가장 낮은 낙산을 따라 만들어진 서울한양도성의 구간으로 나눠 말할 때 쓰는 곳으로 완만한 구릉를 따라 걷게 되어 평소에도 많은 사람이 찾는 곳이다. 이곳에서 바라보는 남산의 풍광은 서울을 대표하는 풍경으로 주택가와 서울의 도심의 어울림이 멋스러운 곳이다. 성곽길에서 카톨릭대로 들어가면 성심교정 성당을 만날 수 있는데 이곳은 최초의 한국인 사제 김대건 신부의 유해가 모셔진 장소이며 한국 교회 사제 성소의 요람이다. 조선을 대표하는 궁궐 중 하나인 창덕궁을 지나 한옥의 가옥들이 가득하고 전통의 숨결을 고스란히 느낄 수 있는 북촌에 이르면 한옥와 양옥이 조화를 이룬 가희동성당을 만나게 된다.",3시간,,"명동성당, 좌포도청터, 종로성당, 카톨릭대학교, 가희동성당",도심 곳곳에 마트와 편의점 분포,서울 종로구 동숭동,37.5793623,127.0080424
KCCWSPO20N000001564,달마을근린공원 산책길,달마을근린공원 산책길,목동문화체육센터 - 달마을근린공원입구 - 생태연못데크 - 산책길입구 - 야생초화원 - 달맞이언덕 - 아카시나무숲길 - 전망테크 - 목동2단지후문 - 공원숲속길 - 보호식물초화원 - 건영아파트앞버스정류장 - 파리공원앞 - 법안정사앞출입구 - 산책로입구 - 벽천 - 분수대뒤 - 2단지앞출입구 - 숲길 - 개선문뒷길 - 도서관앞출입구 - 파리광장 - 관리소 - 분수대 - 농구장 - 개선문 - 한불마당 - 파리공원 - 현대드림타워출입구,서울 양천구,보통,1~5Km미만,0.5,"달마을근린공원은 양천구가 2009년 7월 생태공원으로 재조성한 곳이다. 순환산책로 730m를 만들고 진입광장과 출입구 5곳을 새로 꾸몄으며 정자 1곳과 공원 전체조망이 가능한 전망데크, 야외 체육시설도 설치했다. 또 아카시나무가 주를 이뤘던 산에 팥배나무 등 30종 3만 1000주의 나무를 심었으며, 물억새 등 초화류 및 수생식물 30종 12만 2500여본을 심어 생태적으로 건강한 주민휴식처로 변모했다.",2시간,목동문화체육센터,목동문화체육센터,없음,서울 양천구 목동,37.5361715,126.8720249
INCHEON0001,송도 센트럴파크 산책길,송도 센트럴파크 산책길,센트럴파크 순환 산책로,인천 연수구,매우쉬움,1~5Km미만,2.5,도심 속 공원으로 호수와 함께 산책할 수 있는 대표 코스,1시간,없음,공원 내 화장실,카페 및 편의시설 다수,인천 연수구 송도동,37.3925,126.6386
INCHEON0002,송도 솔찬공원 산책길,송도 솔찬공원 산책길,솔찬공원 해안 산책로,인천 연수구,쉬움,1~5Km미만,3.0,서해 바다를 보며 걷는 해안 산책 코스,1시간 30분,없음,공원 내 화장실,편의점 인근,인천 연수구 송도동,37.373,126.6435
INCHEON0003,트리플스트리트 산책길,트리플스트리트 산책길,트리플스트리트~센트럴파크 연결 코스,인천 연수구,매우쉬움,1~5Km미만,2.0,쇼핑과 산책을 함께 즐길 수 있는 코스,1시간,없음,건물 내 화장실,카페 및 음식점 다수,인천 연수구 송도동,37.3812,126.6565
INCHEON0004,달빛축제공원 산책길,달빛축제공원 산책길,달빛축제공원 순환 코스,인천 연수구,쉬움,1~5Km미만,3.5,넓은 잔디밭과 함께 여유롭게 걷기 좋은 코스,1시간 30분,없음,공원 내 화장실,편의시설 일부,인천 연수구 송도동,37.4062,126.6335
